Date,AAPL,AMZN,FB,GOOG,MSFT
2017-11-03,172.5,1111.599976,178.919998,1032.47998,84.139999
2017-11-02,168.110001,1094.219971,178.919998,1025.579956,84.050003
2017-11-01,166.889999,1103.680054,182.66000400000001,1025.5,83.18
2017-10-31,169.03999299999998,1105.280029,180.059998,1016.6400150000001,83.18
2017-10-30,166.720001,1110.849976,179.869995,1017.1099849999999,83.889999
2017-10-27,163.050003,1100.949951,177.880005,1019.2700199999999,83.809998
2017-10-26,157.41000400000001,972.429993,170.630005,972.5599980000001,78.760002
2017-10-25,156.41000400000001,972.909973,170.600006,973.330017,78.629997
2017-10-24,157.100006,975.900024,171.800003,970.5399779999999,78.860001
2017-10-23,156.169998,966.2999880000001,171.270004,968.4500119999999,78.83000200000001
2017-10-20,156.25,982.909973,174.979996,988.2000119999999,78.809998
2017-10-19,155.979996,986.6099849999999,174.559998,984.4500119999999,77.910004
2017-10-18,159.759995,997.0,176.029999,992.8099980000001,77.610001
2017-10-17,160.470001,1009.1300050000001,176.110001,992.179993,77.589996
2017-10-16,159.880005,1006.340027,174.520004,992.0,77.650002
2017-10-13,156.990005,1002.9400019999999,173.740005,989.679993,77.489998
2017-10-12,156.0,1000.929993,172.550003,987.830017,77.120003
2017-10-11,156.550003,995.0,172.740005,989.25,76.41999799999999
2017-10-10,155.899994,987.2000119999999,171.58999599999999,972.599976,76.290001
2017-10-09,155.83999599999999,990.98999,172.5,977.0,76.290001
2017-10-06,155.300003,989.580017,172.229996,978.8900150000001,76.0
2017-10-05,155.389999,980.849976,171.240005,969.9600220000001,75.970001
2017-10-04,153.479996,965.4500119999999,168.419998,951.679993,74.690002
2017-10-03,154.479996,957.099976,169.96000700000002,957.7899779999999,74.260002
2017-10-02,153.809998,959.1900019999999,169.470001,953.2700199999999,74.610001
2017-09-29,154.119995,961.349976,170.869995,959.1099849999999,74.489998
2017-09-28,153.279999,956.400024,168.729996,949.5,73.870003
2017-09-27,154.229996,950.8699949999999,167.679993,944.48999,73.849998
2017-09-26,153.139999,938.599976,164.21000700000002,924.8599849999999,73.260002
2017-09-25,150.550003,939.7899779999999,162.869995,920.9699710000001,73.260002
2017-09-22,151.889999,955.099976,170.53999299999998,928.5300289999999,74.410004
2017-09-21,153.389999,964.650024,171.110001,932.4500119999999,74.209999
2017-09-20,156.070007,973.2100220000001,172.169998,931.580017,74.940002
2017-09-19,158.729996,969.8599849999999,172.520004,921.8099980000001,75.440002
2017-09-18,158.669998,974.1900019999999,170.009995,915.0,75.160004
2017-09-15,159.880005,986.7899779999999,171.639999,920.2899779999999,75.309998
2017-09-14,158.279999,992.2100220000001,170.96000700000002,925.1099849999999,74.769997
2017-09-13,159.649994,999.599976,173.050003,935.090027,75.209999
2017-09-12,160.860001,982.580017,172.96000700000002,932.070007,74.68
2017-09-11,161.5,977.9600220000001,173.509995,929.080017,74.760002
2017-09-08,158.630005,965.900024,170.949997,926.5,73.980003
2017-09-07,161.259995,979.4699710000001,173.21000700000002,935.9500119999999,74.339996
2017-09-06,161.91000400000001,967.7999880000001,172.08999599999999,927.8099980000001,73.400002
2017-09-05,162.080002,965.2700199999999,170.720001,928.4500119999999,73.610001
2017-09-01,164.050003,978.25,172.020004,937.340027,73.940002
2017-08-31,164.0,980.599976,171.970001,939.330017,74.769997
2017-08-30,163.350006,967.590027,169.919998,929.570007,74.010002
2017-08-29,162.91000400000001,954.0599980000001,168.050003,921.2899779999999,73.050003
2017-08-28,161.470001,946.0200199999999,167.240005,913.8099980000001,72.83000200000001
2017-08-25,159.860001,945.26001,166.320007,915.8900150000001,72.82
2017-08-24,159.270004,952.4500119999999,167.740005,921.2800289999999,72.690002
2017-08-23,159.979996,958.0,168.71000700000002,927.0,72.720001
2017-08-22,159.779999,966.900024,169.639999,924.6900019999999,73.160004
2017-08-21,157.21000700000002,953.2899779999999,167.779999,906.659973,72.150002
2017-08-18,157.5,958.4699710000001,167.41000400000001,910.669983,72.489998
2017-08-17,157.860001,960.570007,166.91000400000001,910.9799800000001,72.400002
2017-08-16,160.949997,978.179993,170.0,926.9600220000001,73.650002
2017-08-15,161.600006,982.73999,171.0,922.2199710000001,73.220001
2017-08-14,159.850006,983.2999880000001,170.75,922.669983,73.199997
2017-08-11,157.479996,967.98999,168.080002,914.3900150000001,72.115776
2017-08-10,155.320007,956.919983,167.399994,907.23999,71.03155500000001
2017-08-09,160.429993,982.01001,171.179993,922.900024,72.085938
2017-08-08,159.453827,989.840027,171.229996,926.7899779999999,72.40424300000001
2017-08-07,158.188797,992.2700199999999,171.979996,929.3599849999999,72.016312
2017-08-04,155.77825900000002,987.580017,169.619995,927.9600220000001,72.294823
2017-08-03,154.961472,986.919983,168.58999599999999,923.650024,71.76763199999999
2017-08-02,156.52533,995.8900150000001,169.300003,930.3900150000001,71.877052
2017-08-01,149.46305800000002,996.1900019999999,169.860001,930.830017,72.195358
2017-07-31,148.148224,987.7800289999999,169.25,930.5,72.314713
2017-07-28,148.915207,1020.0399779999999,172.449997,941.5300289999999,72.652916
2017-07-27,149.971069,1046.0,170.440002,934.090027,72.772285
2017-07-26,152.859726,1052.800049,165.610001,947.7999880000001,73.657562
2017-07-25,152.142548,1039.869995,165.279999,950.7000119999999,73.79682199999999
2017-07-24,151.495071,1038.949951,166.0,980.340027,73.209946
2017-07-21,149.682205,1025.670044,164.429993,972.919983,73.39894100000001
2017-07-20,149.751923,1028.699951,164.529999,968.150024,73.82666
2017-07-19,150.429276,1026.869995,164.139999,970.8900150000001,73.46856700000001
2017-07-18,149.49295,1024.449951,162.860001,965.400024,72.911537
2017-07-17,148.974976,1010.0399779999999,159.729996,953.419983,72.96127299999999
2017-07-14,148.457001,1001.8099980000001,159.970001,955.98999,72.394295
2017-07-13,147.191986,1000.6300050000001,159.259995,947.159973,71.389641
2017-07-12,145.16992199999999,1006.51001,158.899994,943.830017,70.77293399999999
2017-07-11,144.960739,994.1300050000001,155.270004,930.090027,69.61908000000001
2017-07-10,144.49258400000002,996.4699710000001,153.5,928.7999880000001,69.609138
2017-07-07,143.61601299999998,978.76001,151.440002,918.590027,69.091888
2017-07-06,142.17169199999998,965.1400150000001,148.820007,906.6900019999999,68.206604
2017-07-05,143.526367,971.400024,150.33999599999999,911.7100220000001,68.71390500000001
2017-07-03,142.93868999999998,953.659973,148.429993,898.7000119999999,67.808723
2017-06-30,143.45665,968.0,150.979996,908.7299800000001,68.564697
2017-06-29,143.117966,975.929993,151.03999299999998,917.7899779999999,68.12702900000001
2017-06-28,145.259567,990.330017,153.240005,940.48999,69.430092
2017-06-27,143.167786,976.7800289999999,150.580002,927.330017,68.84320799999999
2017-06-26,145.249619,993.9799800000001,153.58999599999999,952.2700199999999,70.156219
2017-06-23,145.707809,1003.73999,155.070007,965.590027,70.832611
2017-06-22,145.060364,1001.2999880000001,153.399994,957.090027,69.88765
2017-06-21,145.299408,1002.2299800000001,153.91000400000001,959.4500119999999,69.897591
2017-06-20,144.44276399999998,992.590027,152.25,950.6300050000001,69.539505
2017-06-19,145.76757800000001,995.169983,152.869995,957.3699949999999,70.494415
2017-06-16,141.713501,987.7100220000001,150.639999,939.7800289999999,69.629028
2017-06-15,143.72558600000002,964.169983,149.800003,942.3099980000001,69.529556
2017-06-14,144.592194,976.4699710000001,150.25,950.76001,69.897591
2017-06-13,146.01658600000002,980.7899779999999,150.679993,953.400024,70.275581
2017-06-12,144.85116599999998,964.909973,148.440002,942.900024,69.41019399999999
2017-06-09,148.397247,978.3099980000001,149.600006,949.830017,69.947327
2017-06-08,154.38374299999998,1010.2700199999999,154.71000700000002,983.409973,71.568687
2017-06-07,154.76225300000002,1010.070007,153.119995,980.9400019999999,72.00636300000001
2017-06-06,153.845856,1003.0,152.809998,976.570007,72.135666
2017-06-05,153.32788100000002,1011.340027,153.630005,983.679993,71.89694200000001
2017-06-02,154.841934,1006.7299800000001,153.610001,975.599976,71.3797
2017-06-01,152.580811,995.9500119999999,151.529999,966.9500119999999,69.728493
2017-05-31,152.16246,994.6199949999999,151.46000700000002,964.8599849999999,69.469872
2017-05-30,153.068893,996.7000119999999,152.380005,975.8800050000001,70.036858
2017-05-26,153.00914,995.7800289999999,152.130005,971.4699710000001,69.589233
2017-05-25,153.268112,993.3800050000001,151.96000700000002,969.5399779999999,69.25104499999999
2017-05-24,152.740189,980.349976,150.03999299999998,954.9600220000001,68.40554
2017-05-23,153.198395,971.5399779999999,148.070007,948.820007,68.316025
2017-05-22,153.38765,970.669983,148.240005,941.8599849999999,68.087234
2017-05-19,152.461288,959.840027,148.059998,934.01001,67.33126800000001
2017-05-18,151.943314,958.48999,147.66000400000001,930.23999,67.351158
2017-05-17,149.662277,944.76001,144.850006,919.6199949999999,67.122383
2017-05-16,154.861862,966.070007,149.779999,943.0,69.04216
2017-05-15,155.090958,957.9699710000001,150.190002,937.080017,67.679413
2017-05-12,155.48941000000002,961.349976,150.330002,932.2199710000001,67.629959
2017-05-11,153.347809,947.6199949999999,150.03999299999998,930.599976,67.709076
2017-05-10,152.032974,948.9500119999999,150.28999299999998,928.7800289999999,68.549751
2017-05-09,152.757141,952.820007,150.479996,932.169983,68.28272199999999
2017-05-08,151.784973,949.0399779999999,151.059998,934.2999880000001,68.183823
2017-05-05,147.76741,934.150024,150.240005,927.1300050000001,68.243156
2017-05-04,145.35685700000002,937.5300289999999,150.850006,931.659973,68.05524399999999
2017-05-03,145.882614,941.0300289999999,151.800003,927.0399779999999,68.322281
2017-05-02,146.32901,946.9400019999999,152.779999,916.4400019999999,68.53987099999999
2017-05-01,145.406448,948.2299800000001,152.46000700000002,912.570007,68.648666
2017-04-28,142.499893,924.98999,150.25,905.9600220000001,67.709076
2017-04-27,142.638794,918.3800050000001,147.699997,874.25,67.521164
2017-04-26,142.529663,909.2899779999999,146.559998,871.7299800000001,67.085999
2017-04-25,143.372864,907.6199949999999,146.490005,872.2999880000001,67.175003
2017-04-24,142.48998999999998,907.409973,145.470001,862.76001,66.789284
2017-04-21,141.130966,898.5300289999999,143.679993,843.1900019999999,65.671677
2017-04-20,141.299591,902.0599980000001,143.800003,841.650024,64.781548
2017-04-19,139.553696,899.2000119999999,142.270004,838.210022,64.326599
2017-04-18,140.06951899999999,903.7800289999999,140.96000700000002,836.820007,64.67276
2017-04-17,140.69448899999998,901.98999,141.419998,837.169983,64.761772
2017-04-13,139.92073100000002,884.669983,139.389999,823.5599980000001,64.237579
2017-04-12,140.664734,896.2299800000001,139.580002,824.320007,64.514511
2017-04-11,140.496094,902.3599849999999,139.919998,823.349976,64.761772
2017-04-10,142.02375800000002,907.0399779999999,141.03999299999998,824.72998,64.81121800000001
2017-04-07,142.192398,894.8800050000001,140.779999,824.669983,64.959579
2017-04-06,142.509842,898.2800289999999,141.169998,827.880005,65.009033
2017-04-05,142.866959,909.2800289999999,141.850006,831.409973,64.840889
2017-04-04,143.610962,906.830017,141.729996,834.570007,65.009033
2017-04-03,142.54951499999999,891.51001,142.279999,838.549988,64.831001
2017-03-31,142.509842,886.5399779999999,142.050003,829.5599980000001,65.13760400000001
2017-03-30,142.777664,876.340027,142.41000400000001,831.5,64.98925
2017-03-29,142.966141,874.320007,142.649994,831.409973,64.75188399999999
2017-03-28,142.64871200000002,856.0,141.759995,820.919983,64.573853
2017-03-27,139.752106,846.820007,140.320007,819.51001,64.385933
2017-03-24,139.51400800000002,845.6099849999999,140.33999599999999,814.429993,64.267258
2017-03-23,139.79176299999997,847.3800050000001,139.529999,817.580017,64.158463
2017-03-22,140.287766,848.0599980000001,139.58999599999999,829.590027,64.316704
2017-03-21,138.72041299999998,843.2000119999999,138.509995,830.460022,63.505699
2017-03-20,140.32745400000002,856.9699710000001,139.940002,848.400024,64.217804
2017-03-17,138.869217,852.3099980000001,139.83999599999999,852.1199949999999,64.158463
2017-03-16,139.563614,853.419983,139.990005,848.7800289999999,63.930983999999995
2017-03-15,139.335464,852.9699710000001,139.720001,847.2000119999999,64.03978000000001
2017-03-14,137.877228,852.5300289999999,139.320007,845.6199949999999,63.703509999999994
2017-03-13,138.08554099999998,854.590027,139.600006,845.5399779999999,64.000214
2017-03-10,138.026016,852.4600220000001,138.78999299999998,843.25,64.217804
2017-03-09,137.56968700000002,853.0,138.240005,838.679993,64.020004
2017-03-08,137.887146,850.5,137.720001,835.369995,64.277138
2017-03-07,138.402985,846.0200199999999,137.300003,831.909973,63.693615
2017-03-06,138.224426,846.6099849999999,137.419998,827.780029,63.565041
2017-03-03,138.660889,849.8800050000001,137.169998,829.080017,63.545258
2017-03-02,137.847473,848.909973,136.759995,830.630005,63.307896
2017-03-01,138.670807,853.080017,137.419998,835.23999,64.227699
2017-02-28,135.89325,845.0399779999999,135.53999299999998,823.210022,63.278220999999995
2017-02-27,135.83371,848.6400150000001,136.41000400000001,829.280029,63.525482
2017-02-24,135.565887,845.23999,135.440002,828.6400150000001,63.911205
2017-02-23,135.43692,852.1900019999999,135.360001,831.330017,63.911205
2017-02-22,136.012268,855.6099849999999,136.119995,830.76001,63.654053000000005
2017-02-21,135.60556,856.4400019999999,133.720001,831.659973,63.782627000000005
2017-02-17,134.633408,845.070007,133.529999,828.070007,63.911205
2017-02-16,134.266357,844.1400150000001,133.83999599999999,824.159973,63.812298
2017-02-15,134.425079,842.7000119999999,133.440002,818.97998,63.822189
2017-02-14,133.93901100000002,836.3900150000001,133.850006,820.450012,63.861748
2017-02-13,132.222839,836.530029,134.050003,819.23999,63.624386
2017-02-10,131.062225,827.460022,134.190002,813.669983,62.916568999999996
2017-02-09,131.359818,821.3599849999999,134.139999,809.5599980000001,62.975552
2017-02-08,130.417435,819.710022,134.199997,808.380005,62.267745999999995
2017-02-07,129.913696,812.5,131.83999599999999,806.969971,62.35621999999999
2017-02-06,128.68893400000002,807.6400150000001,132.059998,801.340027,62.562668
2017-02-03,127.49380500000001,810.200012,130.979996,801.48999,62.601986
2017-02-02,126.950554,839.9500119999999,130.83999599999999,798.530029,62.10061999999999
2017-02-01,127.167854,832.349976,133.229996,795.695007,62.50368100000001
2017-01-31,119.858795,823.47998,130.320007,796.789978,63.55556899999999
2017-01-30,120.135345,830.380005,130.979996,802.320007,64.027435
2017-01-27,120.451416,835.77002,132.179993,823.3099980000001,64.66643499999999
2017-01-26,120.441551,839.150024,132.779999,832.150024,63.18199499999999
2017-01-25,120.382278,836.52002,131.479996,835.669983,62.601986
2017-01-24,118.49575800000001,822.4400019999999,129.369995,823.869995,62.444697999999995
2017-01-23,118.604401,817.880005,128.929993,819.3099980000001,61.894176
2017-01-20,118.525383,808.330017,127.040001,805.02002,61.677898
2017-01-19,118.30808300000001,809.039978,127.550003,802.174988,61.24535
2017-01-18,118.51550300000001,807.47998,127.91999799999999,806.070007,61.441967000000005
2017-01-17,118.525383,809.719971,127.870003,804.6099849999999,61.471455000000006
2017-01-13,117.577179,817.1400150000001,128.33999599999999,807.880005,61.638580000000005
2017-01-12,117.784599,813.6400150000001,126.620003,806.3599849999999,61.550102
2017-01-11,118.278458,799.02002,126.089996,807.909973,62.120284999999996
2017-01-10,117.646317,795.900024,124.349998,804.789978,61.559932999999994
2017-01-09,117.527794,796.919983,124.900002,806.650024,61.57959399999999
2017-01-06,116.461075,795.98999,123.410004,806.150024,61.77620699999999
2017-01-05,115.17703999999999,780.450012,120.66999799999999,794.02002,61.24535
2017-01-04,114.594292,757.179993,118.690002,786.900024,61.24535
2017-01-03,114.72269399999999,753.669983,116.860001,786.1400150000001,61.520610999999995
2016-12-30,114.396751,749.869995,115.050003,771.820007,61.088055000000004
2016-12-29,115.29557,765.150024,116.349998,782.789978,61.835196999999994
2016-12-28,115.325203,772.130005,116.91999799999999,785.049988,61.923668000000006
2016-12-27,115.81905400000001,771.400024,118.010002,791.549988,62.208755000000004
2016-12-23,115.08814199999999,760.590027,117.269997,789.909973,62.169441000000006
2016-12-22,114.860977,766.340027,117.400002,791.26001,62.474185999999996
2016-12-21,115.621513,770.599976,119.040001,794.5599980000001,62.464358999999995
2016-12-20,115.512863,771.219971,119.089996,796.419983,62.464358999999995
2016-12-19,115.206673,766.0,119.239998,794.200012,62.543003000000006
2016-12-16,114.54490700000001,757.77002,119.870003,790.799988,61.24535
2016-12-15,114.396751,761.0,120.57,797.849976,61.520610999999995
2016-12-14,113.77448999999999,768.820007,120.209999,797.070007,61.618916000000006
2016-12-13,113.77448999999999,774.340027,120.309998,796.099976,61.913837
2016-12-12,111.90772199999999,760.119995,117.769997,789.27002,61.11755
2016-12-09,112.549728,768.659973,119.68,789.289978,60.92094
2016-12-08,110.742218,767.330017,118.910004,776.419983,59.977183999999994
2016-12-07,109.665604,770.419983,117.949997,771.1900019999999,60.331097
2016-12-06,108.598877,764.719971,117.309998,759.1099849999999,58.935134999999995
2016-12-05,107.769203,759.3599849999999,117.43,762.52002,59.200565000000005
2016-12-02,108.5495,740.340027,115.400002,750.5,58.246979
2016-12-01,108.144531,743.650024,115.099998,747.919983,58.197826
2016-11-30,109.16188000000001,750.570007,118.41999799999999,758.039978,59.239883
2016-11-29,110.090332,762.52002,120.870003,770.840027,60.055836
2016-11-28,110.198975,766.77002,120.410004,768.23999,59.583957999999996
2016-11-25,110.416275,780.369995,120.379997,761.679993,59.505309999999994
2016-11-23,109.86315900000001,780.119995,120.839996,760.98999,59.377514
2016-11-22,110.426147,785.330017,121.470001,768.27002,60.085322999999995
2016-11-21,110.35701,780.0,121.769997,769.200012,59.829727
2016-11-18,108.707527,760.159973,117.019997,760.539978,59.328362
2016-11-17,108.598877,756.400024,117.790001,771.22998,59.613453
2016-11-16,108.63838200000001,746.48999,116.339996,764.47998,58.640213
2016-11-15,105.793777,743.23999,117.199997,758.48999,57.873413
2016-11-14,104.41098000000001,719.070007,115.08000200000001,736.080017,56.752712
2016-11-11,107.09755700000001,739.01001,119.019997,754.02002,57.631542
2016-11-10,106.465424,742.380005,120.800003,762.5599980000001,57.31906899999999
2016-11-09,109.51745600000001,771.880005,123.18,785.3099980000001,58.754486
2016-11-08,109.69523600000001,787.75,124.220001,790.51001,59.047428000000004
2016-11-07,109.053238,784.929993,122.150002,782.52002,58.998608
2016-11-04,107.502518,755.049988,120.75,762.02002,57.328835
2016-11-03,108.480354,767.030029,120.0,762.130005,57.817069999999994
2016-11-02,109.655731,765.5599980000001,127.16999799999999,768.700012,58.031898
2016-11-01,109.557465,785.409973,129.5,783.6099849999999,58.393192000000006
2016-10-31,111.57193000000001,789.820007,130.990005,784.539978,58.510365
2016-10-28,111.74881699999999,776.320007,131.28999299999998,795.369995,58.461548
2016-10-27,112.495644,818.3599849999999,129.690002,795.349976,58.686133999999996
2016-10-26,113.586395,822.590027,131.03999299999998,799.070007,59.203667
2016-10-25,116.200294,835.179993,132.28999299999998,807.669983,59.555199
2016-10-24,115.61068,838.090027,133.279999,813.1099849999999,59.564964
2016-10-21,114.57888,818.98999,132.070007,799.369995,58.256485
2016-10-20,115.030914,810.320007,130.0,796.969971,55.903187
2016-10-19,115.089874,817.6900019999999,130.110001,801.5,56.176593999999994
2016-10-18,115.433815,817.650024,128.570007,795.26001,56.303535
2016-10-17,115.512428,812.950012,127.540001,779.960022,55.87389
2016-10-14,115.59103400000001,822.960022,127.879997,778.530029,56.069182999999995
2016-10-13,114.952301,829.280029,127.82,778.1900019999999,55.580940000000005
2016-10-12,115.30606100000001,834.090027,129.050003,786.1400150000001,55.766476000000004
2016-10-11,114.28408799999998,831.0,128.880005,783.070007,55.844593
2016-10-10,114.03842900000001,841.7100220000001,130.240005,785.9400019999999,56.674595
2016-10-07,112.082916,839.429993,128.990005,775.080017,56.440243
2016-10-06,111.91586299999999,841.659973,128.740005,776.8599849999999,56.38166
2016-10-05,111.09043100000001,844.3599849999999,128.470001,776.469971,56.28400799999999
2016-10-04,111.04128999999999,834.030029,128.190002,776.429993,55.893414
2016-10-03,110.569603,836.73999,128.770004,772.5599980000001,56.069182999999995
2016-09-30,111.09043100000001,837.3099980000001,128.270004,777.289978,56.244946
2016-09-29,110.235504,829.049988,128.08999599999999,775.01001,56.049652
2016-09-28,111.974823,828.719971,129.229996,781.5599980000001,56.664832999999994
2016-09-27,111.129723,816.1099849999999,128.690002,783.01001,56.586712
2016-09-26,110.923363,799.159973,127.309998,774.210022,55.561417000000006
2016-09-23,110.756317,805.75,127.959999,786.900024,56.078945
2016-09-22,112.63321699999999,804.700012,130.080002,787.210022,56.45976999999999
2016-09-21,111.58175700000001,789.73999,129.940002,776.219971,56.401176
2016-09-20,111.60141000000002,780.219971,128.639999,771.409973,55.473537
2016-09-19,111.61123700000002,775.099976,128.649994,765.700012,55.590709999999994
2016-09-16,112.928009,778.52002,129.070007,768.880005,55.903187
2016-09-15,113.56674199999999,769.6900019999999,128.350006,771.76001,55.844593
2016-09-14,109.832603,761.090027,127.769997,762.48999,54.93646999999999
2016-09-13,106.078827,761.01001,127.209999,759.6900019999999,55.200118999999994
2016-09-12,103.612335,771.48999,128.690002,769.02002,55.707886
2016-09-09,101.34236899999999,760.1400150000001,127.099998,759.659973,54.887646
2016-09-08,103.690956,784.0599980000001,130.270004,775.320007,56.078945
2016-09-07,106.48172,784.47998,131.050003,780.349976,56.303535
2016-09-06,105.833153,788.869995,129.729996,780.080017,56.254715000000004
2016-09-02,105.862648,772.4400019999999,126.510002,771.460022,56.313301
2016-09-01,104.87998200000001,770.619995,126.16999799999999,768.780029,56.23518000000001
2016-08-31,104.260887,769.159973,126.120003,767.049988,56.108238
2016-08-30,104.162621,767.580017,125.839996,769.090027,56.528126
2016-08-29,104.968414,771.289978,126.540001,772.150024,56.733185
2016-08-26,105.08633400000001,769.0,124.959999,769.539978,56.664832999999994
2016-08-25,105.70541399999999,759.219971,123.889999,769.409973,56.801536999999996
2016-08-24,106.15744,757.25,123.480003,769.6400150000001,56.586712
2016-08-23,106.963219,762.450012,124.370003,772.080017,56.528126
2016-08-22,106.62912,759.47998,124.150002,772.150024,56.313301
2016-08-19,107.464386,757.3099980000001,123.559998,775.419983,56.264477
2016-08-18,107.189247,764.460022,123.910004,777.5,56.244946
2016-08-17,107.32682,764.630005,124.370003,779.909973,56.205887
2016-08-16,107.48403200000001,764.039978,123.300003,777.1400150000001,56.088710999999996
2016-08-15,107.582306,768.48999,123.900002,782.4400019999999,56.401180000000004
2016-08-12,106.30483999999998,772.5599980000001,124.879997,783.219971,56.226505
2016-08-11,106.059174,771.23999,124.900002,784.849976,56.575858999999994
2016-08-10,106.12796000000002,768.5599980000001,124.879997,784.679993,56.304142000000006
2016-08-09,106.92392,768.3099980000001,125.059998,784.26001,56.478825
2016-08-08,106.491547,766.5599980000001,125.260002,781.76001,56.34296
2016-08-05,105.61696599999999,765.97998,125.150002,782.219971,56.245914
2016-08-04,104.034889,760.77002,124.360001,771.6099849999999,55.692776
2016-08-03,103.396149,754.6400150000001,122.510002,773.179993,55.285198
2016-08-02,102.115791,760.580017,123.089996,771.070007,54.906734
2016-08-01,103.650261,767.73999,124.309998,772.880005,54.906734
2016-07-29,101.85189799999999,758.8099980000001,123.940002,768.789978,55.003772999999995
2016-07-28,101.978951,752.6099849999999,125.0,745.909973,54.547668
2016-07-27,100.62041500000001,736.669983,123.339996,741.77002,54.528259
2016-07-26,94.48252099999999,735.590027,121.220001,738.419983,55.08140600000001
2016-07-25,95.137352,739.6099849999999,121.629997,739.77002,55.052292
2016-07-22,96.42749,744.8599849999999,121.0,742.73999,54.897022
2016-07-21,97.18006899999999,744.429993,120.610001,738.630005,54.149795999999995
2016-07-20,97.698074,745.719971,121.91999799999999,741.1900019999999,54.25654599999999
2016-07-19,97.610107,739.950012,120.610001,736.960022,51.519943
2016-07-18,97.571014,736.070007,119.370003,733.780029,52.364212
2016-07-15,96.544777,735.4400019999999,116.860001,719.849976,52.1119
2016-07-14,96.554558,741.200012,117.290001,720.950012,52.150719
2016-07-13,94.678001,742.630005,116.779999,716.97998,51.927517
2016-07-12,95.215546,748.210022,117.93,720.6400150000001,51.636390999999996
2016-07-11,94.7855,753.780029,117.870003,715.090027,51.034729
2016-07-08,94.492294,745.8099980000001,117.239998,705.630005,50.753307
2016-07-07,93.76904300000001,736.570007,115.849998,695.3599849999999,49.860512
2016-07-06,93.368317,737.6099849999999,116.699997,697.77002,49.860512
2016-07-05,92.840523,728.099976,114.199997,694.950012,49.656723
2016-07-01,93.720169,725.679993,114.190002,699.210022,49.647018
2016-06-30,93.436729,715.619995,114.279999,692.099976,49.656723
2016-06-29,92.263885,715.599976,114.160004,684.1099849999999,49.045349
2016-06-28,91.47221400000001,707.950012,112.699997,680.039978,47.977886
2016-06-27,89.957291,691.3599849999999,108.970001,668.26001,46.997757
2016-06-24,91.286514,698.960022,112.08000200000001,675.219971,48.35635
2016-06-23,93.925415,722.080017,115.08000200000001,701.869995,50.374836
2016-06-22,93.38787099999999,710.599976,113.910004,697.460022,49.482048
2016-06-21,93.739723,715.820007,114.379997,695.9400019999999,49.676128000000006
2016-06-20,92.948044,714.01001,113.370003,693.710022,48.589252
2016-06-17,93.172836,706.3900150000001,113.019997,691.719971,48.64748
2016-06-16,95.342613,717.51001,114.389999,710.3599849999999,48.899788
2016-06-15,94.941887,714.26001,114.599998,718.919983,48.220490000000005
2016-06-14,95.254646,719.299988,114.940002,718.27002,48.35635
2016-06-13,95.137352,715.23999,113.949997,718.3599849999999,48.657181
2016-06-10,96.593636,717.909973,116.620003,719.409973,49.957553999999995
2016-06-09,97.395081,727.650024,118.559998,728.580017,50.09341
2016-06-08,96.701157,726.6400150000001,118.389999,728.280029,50.500992
2016-06-07,96.789108,723.73999,117.760002,716.650024,50.559216
2016-06-06,96.398163,726.72998,118.790001,716.549988,50.588333
2016-06-03,95.704224,725.539978,118.470001,722.340027,50.258389
2016-06-02,95.508759,728.23999,118.93,730.400024,50.927979
2016-06-01,96.232025,719.4400019999999,118.779999,734.150024,51.287037
2016-05-31,97.600334,722.789978,118.809998,735.719971,51.432602
2016-05-27,98.079239,712.23999,119.379997,732.659973,50.772713
2016-05-26,98.137901,714.909973,119.470001,724.119995,50.355422999999995
2016-05-25,97.36576099999999,708.349976,117.889999,725.27002,50.578625
2016-05-24,95.684692,704.200012,117.699997,720.090027,50.064304
2016-05-23,94.24794,696.75,115.970001,704.23999,48.550438
2016-05-20,93.065338,702.799988,117.349998,709.73999,49.122993
2016-05-19,92.068405,698.52002,116.809998,700.320007,48.83186
2016-05-18,92.420265,697.450012,117.650002,706.630005,49.307365000000004
2016-05-17,91.37447399999999,695.27002,117.349998,706.22998,49.016239
2016-05-16,91.75565300000001,710.659973,118.66999799999999,716.48999,49.947849
2016-05-13,88.47168,709.919983,119.809998,710.830017,49.22509
2016-05-12,88.295753,717.929993,120.279999,713.3099980000001,49.639469
2016-05-11,90.416656,713.22998,119.519997,715.289978,49.196171
2016-05-10,91.306053,703.070007,120.5,723.179993,49.167263
2016-05-09,90.690315,679.75,119.239998,712.900024,48.251762
2016-05-06,90.621895,673.950012,119.489998,711.119995,48.560143
2016-05-05,91.130135,659.090027,117.809998,701.429993,48.12648
2016-05-04,91.501541,670.900024,118.059998,695.700012,48.059025
2016-05-03,92.46328000000001,671.320007,117.43,692.3599849999999,47.972294
2016-05-02,90.967239,683.849976,118.57,698.210022,48.772156
2016-04-29,91.064392,659.590027,117.58000200000001,693.01001,48.059025
2016-04-28,92.12326800000001,602.0,116.730003,691.02002,48.087933
2016-04-27,95.02793100000001,606.570007,108.889999,705.840027,49.090164
2016-04-26,101.37152900000001,616.880005,108.760002,708.1400150000001,49.572006
2016-04-25,102.080704,626.200012,110.099998,723.150024,50.217686
2016-04-22,102.663574,620.5,110.559998,718.77002,49.899665999999996
2016-04-21,102.945305,631.0,113.440002,759.1400150000001,53.754406
2016-04-20,104.072182,632.98999,112.41999799999999,752.669983,53.571312
2016-04-19,103.858475,627.900024,112.290001,753.929993,54.342257999999994
2016-04-18,104.412193,635.349976,110.449997,766.6099849999999,54.409718000000005
2016-04-15,106.714546,625.8900150000001,109.639999,759.0,53.629135
2016-04-14,108.900322,620.75,110.839996,753.200012,53.349663
2016-04-13,108.842041,614.820007,110.510002,751.719971,53.340027
2016-04-12,107.28771200000001,603.169983,110.610001,743.090027,52.665443
2016-04-11,105.90823400000001,595.929993,108.989998,736.099976,52.337795
2016-04-08,105.558517,594.599976,110.629997,739.150024,52.443787
2016-04-07,105.441956,591.429993,113.639999,740.280029,52.482342
2016-04-06,107.79287,602.080017,113.709999,745.6900019999999,53.11837
2016-04-05,106.67568200000001,586.1400150000001,112.220001,737.799988,52.578712
2016-04-04,107.94830300000001,593.1900019999999,112.550003,745.289978,53.417118
2016-04-01,106.850548,598.5,116.059998,749.909973,53.552036
2016-03-31,105.879097,593.6400150000001,114.099998,744.950012,53.224377000000004
2016-03-30,106.43283100000001,598.6900019999999,114.699997,750.530029,53.05091899999999
2016-03-29,104.606491,593.8599849999999,116.139999,744.77002,52.723263
2016-03-28,102.187561,579.869995,113.690002,733.530029,51.595753
2016-03-24,102.65385400000001,582.950012,113.050003,735.299988,52.241425
2016-03-23,103.10073100000001,569.630005,112.540001,738.0599980000001,52.010139
2016-03-22,103.67388199999999,560.47998,112.25,740.75,52.106506
2016-03-21,102.88700899999999,553.97998,111.849998,742.090027,51.904137
2016-03-18,102.89672900000001,552.080017,111.449997,737.599976,51.547573
2016-03-17,102.78014399999999,559.4400019999999,111.019997,737.780029,52.675079000000004
2016-03-16,102.945305,574.27002,112.18,736.090027,52.376339
2016-03-15,101.594978,577.02002,110.66999799999999,728.330017,51.643936
2016-03-14,99.593773,573.369995,109.889999,730.48999,51.239185
2016-03-11,99.341187,569.6099849999999,109.410004,726.820007,51.142818
2016-03-10,98.28229499999999,558.929993,107.32,712.820007,50.159859000000004
2016-03-09,98.233734,559.469971,107.510002,705.23999,50.921169
2016-03-08,98.146294,560.26001,105.93,693.969971,49.774390999999994
2016-03-07,98.96231800000001,562.799988,105.730003,695.159973,49.176895
2016-03-04,100.069786,575.1400150000001,108.389999,710.8900150000001,50.140583
2016-03-03,98.602882,577.48999,109.58000200000001,712.419983,50.448966999999996
2016-03-02,97.874298,580.210022,109.949997,718.849976,51.027176000000004
2016-03-01,97.660561,579.039978,109.82,718.8099980000001,50.670615999999995
2016-02-29,93.930183,552.52002,106.91999799999999,697.77002,49.032348999999996
2016-02-26,94.143906,555.22998,107.91999799999999,705.070007,49.437096000000004
2016-02-25,93.998184,555.150024,108.07,705.75,50.208042
2016-02-24,93.35701800000001,554.039978,106.879997,699.5599980000001,49.494919
2016-02-23,91.987267,552.9400019999999,105.459999,695.849976,49.321453000000005
2016-02-22,94.114754,559.5,107.160004,706.460022,50.738071000000005
2016-02-19,93.298737,534.900024,104.57,700.909973,49.938213
2016-02-18,93.51245899999999,525.0,103.470001,697.349976,50.294781
2016-02-17,95.31935899999999,534.099976,105.199997,708.400024,50.516418
2016-02-16,93.88160699999999,521.099976,101.610001,691.0,49.234718
2016-02-12,91.30725100000001,507.079987,102.010002,682.400024,48.319218
2016-02-11,91.02552800000001,503.82000700000003,101.910004,683.1099849999999,47.544201
2016-02-10,91.579254,490.48001100000005,101.0,684.119995,47.563332
2016-02-09,92.27869399999999,482.07000700000003,99.540001,678.1099849999999,47.151901
2016-02-08,92.29813399999999,488.10000599999995,99.75,682.73999,47.276286999999996
2016-02-05,91.336388,502.130005,104.07,683.570007,47.993904
2016-02-04,93.842743,536.26001,110.489998,708.01001,49.754448
2016-02-03,93.094734,531.070007,112.690002,726.950012,49.907536
2016-02-02,91.28791,552.099976,114.610001,764.650024,50.711258
2016-02-01,93.172028,574.8099980000001,115.089996,752.0,52.347412
2016-01-29,94.05127,587.0,112.209999,742.950012,52.711006000000005
2016-01-28,90.911087,635.349976,109.110001,730.960022,49.811855
2016-01-27,90.263725,583.349976,94.449997,699.98999,49.008129
2016-01-26,96.61174,601.25,97.339996,713.039978,49.917099
2016-01-25,96.080322,596.530029,97.010002,711.669983,49.553509000000005
2016-01-22,97.99342299999999,596.380005,97.940002,725.25,50.031921000000004
2016-01-21,93.046417,575.02002,94.160004,706.590027,48.300083
2016-01-20,93.519867,571.77002,94.349998,698.450012,48.596699
2016-01-19,93.394257,574.47998,95.260002,701.789978,48.376629
2016-01-15,93.848373,570.179993,94.970001,694.450012,48.788059000000004
2016-01-14,96.157608,593.0,98.370003,714.719971,50.816513
2016-01-13,94.099594,581.8099980000001,95.440002,700.5599980000001,49.409988
2016-01-12,96.582756,617.8900150000001,99.370003,726.070007,50.500759
2016-01-11,95.201073,617.73999,97.510002,716.030029,50.041489
2016-01-08,93.68412,607.049988,97.33000200000001,714.469971,50.070198
2016-01-07,93.191338,607.9400019999999,97.91999799999999,726.3900150000001,49.917099
2016-01-06,97.29776,632.650024,102.970001,743.619995,51.715916
2016-01-05,99.23984499999999,633.789978,102.730003,742.580017,52.672737
2016-01-04,101.790649,636.98999,102.220001,741.840027,52.433533
2015-12-31,101.70369699999999,675.8900150000001,104.660004,758.880005,53.084164
2015-12-30,103.69410699999999,689.070007,106.220001,771.0,53.878322999999995
2015-12-29,105.066116,693.969971,107.260002,776.599976,54.10795600000001
2015-12-28,103.210999,675.200012,105.93,762.51001,53.533871
2015-12-24,104.380112,662.789978,105.019997,748.400024,53.265953
2015-12-23,104.940506,663.700012,104.629997,750.3099980000001,53.409485
2015-12-22,103.607155,663.150024,105.510002,750.0,52.959778
2015-12-21,103.703766,664.51001,104.769997,747.77002,52.462233999999995
2015-12-18,102.44767,664.1400150000001,104.040001,739.3099980000001,51.792465
2015-12-17,105.298019,670.650024,106.220001,749.429993,53.29466600000001
2015-12-16,107.57826999999999,675.77002,106.790001,758.090027,53.706093
2015-12-15,106.75698899999999,658.6400150000001,104.550003,743.400024,52.81625699999999
2015-12-14,108.679771,657.909973,104.660004,747.77002,52.758842
2015-12-11,109.356125,640.150024,102.120003,738.869995,51.725483000000004
2015-12-10,112.24508700000001,662.320007,105.41999799999999,749.460022,52.883236
2015-12-09,111.713676,664.789978,104.599998,751.6099849999999,52.605755
2015-12-08,114.23548899999999,677.330017,106.489998,762.369995,53.380775
2015-12-07,114.283798,669.830017,105.610001,763.25,53.399914
2015-12-04,115.00846100000001,672.6400150000001,106.18,766.8099980000001,53.495594
2015-12-03,111.30786100000002,666.25,104.379997,752.539978,51.85944
2015-12-02,112.351372,676.01001,106.07,762.380005,52.825821
2015-12-01,113.375557,679.0599980000001,107.120003,767.039978,52.835395999999996
2015-11-30,114.303123,664.799988,104.239998,742.599976,52.002959999999995
2015-11-27,113.82968100000001,673.26001,105.449997,750.26001,51.601093
2015-11-25,114.042252,675.340027,105.410004,748.150024,51.37146
2015-11-24,114.863525,671.150024,105.739998,748.280029,51.907284000000004
2015-11-23,113.77170600000001,678.98999,106.949997,755.97998,51.849869
2015-11-20,115.269348,668.450012,107.32,756.599976,51.849869
2015-11-19,114.76691399999999,661.27002,106.260002,738.409973,51.610664
2015-11-18,113.327248,663.539978,107.769997,740.0,51.524551
2015-11-17,109.84888500000001,643.299988,105.129997,725.299988,50.682556
2015-11-16,110.322327,647.8099980000001,104.040001,728.960022,51.103553999999995
2015-11-13,108.54447900000001,642.349976,103.949997,717.0,50.219673
2015-11-12,111.810295,665.599976,108.019997,731.22998,50.675869
2015-11-11,112.187119,673.25,109.010002,735.400024,50.989502
2015-11-10,112.82481399999999,659.679993,107.910004,728.320007,50.856441
2015-11-09,116.496429,655.48999,106.489998,724.8900150000001,51.474209
2015-11-06,116.969872,659.369995,107.099998,733.76001,52.196521999999995
2015-11-05,116.834602,655.650024,108.760002,731.25,51.683304
2015-11-04,117.375694,640.950012,103.940002,728.1099849999999,51.702312
2015-11-03,117.924095,625.3099980000001,102.58000200000001,722.159973,51.46471
2015-11-02,116.58676899999999,628.349976,103.309998,721.1099849999999,50.599834
2015-10-30,114.970459,625.900024,101.970001,710.8099980000001,50.029590999999996
2015-10-29,115.96141100000001,626.549988,104.879997,716.919983,50.71389
2015-10-28,114.74916100000002,617.099976,104.199997,712.950012,51.303135
2015-10-27,110.208076,611.01001,103.699997,708.48999,51.027522999999995
2015-10-26,110.910416,608.6099849999999,103.769997,712.780029,51.55975
2015-10-23,114.566376,599.030029,102.190002,702.0,50.248184
2015-10-22,111.122078,563.909973,99.66999799999999,651.789978,45.648201
2015-10-21,109.448021,555.77002,97.110001,642.6099849999999,44.859359999999995
2015-10-20,109.45763400000001,560.880005,97.0,650.280029,45.401089
2015-10-19,107.494957,573.150024,98.470001,666.099976,45.25853
2015-10-16,106.831116,570.76001,97.540001,662.200012,45.153984
2015-10-15,107.620049,562.4400019999999,95.959999,661.73999,44.678779999999996
2015-10-14,106.032578,544.830017,94.07,651.159973,44.365142999999996
2015-10-13,107.552696,548.900024,94.120003,652.299988,44.564732
2015-10-12,107.36988799999999,550.1900019999999,94.260002,646.669983,44.669281
2015-10-09,107.87017800000001,539.799988,93.239998,643.6099849999999,44.773827000000004
2015-10-08,105.34949499999999,533.159973,92.470001,639.159973,45.096962
2015-10-07,106.580978,541.9400019999999,92.400002,642.3599849999999,44.479198
2015-10-06,107.09088100000001,537.47998,92.800003,645.4400019999999,44.431675
2015-10-05,106.580978,543.679993,94.010002,641.469971,44.317627
2015-10-02,106.19613600000001,532.539978,92.07,626.909973,43.310192
2015-10-01,105.42646,520.719971,90.949997,611.289978,42.397797
2015-09-30,106.119179,511.89001500000006,89.900002,608.419983,42.065155
2015-09-29,104.92617800000001,496.07000700000003,86.66999799999999,594.969971,41.285816
2015-09-28,108.17806200000001,504.05999800000006,89.209999,594.8900150000001,41.143253
2015-09-25,110.36201499999999,524.25,92.769997,611.969971,41.761021
2015-09-24,110.64102199999999,533.75,94.410004,625.799988,41.73251
2015-09-23,109.986801,536.070007,93.970001,622.3599849999999,41.694489000000004
2015-09-22,109.101662,538.400024,92.959999,622.6900019999999,41.723003000000006
2015-09-21,110.843056,548.3900150000001,95.550003,635.4400019999999,41.922592
2015-09-18,109.149773,540.26001,94.400002,629.25,41.32383
2015-09-17,109.601952,538.869995,94.339996,642.900024,42.055649
2015-09-16,111.99758100000001,527.3900150000001,93.449997,635.97998,42.103172
2015-09-15,111.872498,522.369995,92.900002,635.1400150000001,41.799038
2015-09-14,110.93926200000001,521.380005,92.309998,623.23999,40.905654999999996
2015-09-11,109.880959,529.4400019999999,92.050003,625.77002,41.32383
2015-09-10,108.30311599999999,522.23999,91.980003,621.349976,41.143253
2015-09-09,105.97485400000001,516.8900150000001,90.440002,612.719971,40.934166
2015-09-08,108.05297900000001,517.539978,89.529999,614.659973,41.713501
2015-09-04,105.128212,499.0,88.260002,600.700012,40.496978999999996
2015-09-03,106.186516,504.72000099999997,88.150002,606.25,41.342838
2015-09-02,108.081833,510.549988,89.889999,614.340027,41.209785
2015-09-01,103.636963,496.540009,87.230003,597.789978,39.746147
2015-08-31,108.48593100000001,512.8900150000001,89.43,618.25,41.361858000000005
2015-08-28,108.995834,518.01001,91.010002,630.380005,41.751518
2015-08-27,108.63986200000001,518.369995,89.730003,637.6099849999999,41.723003000000006
2015-08-26,105.53229499999999,500.76998899999995,87.190002,628.619995,40.592014
2015-08-25,99.807816,466.369995,83.0,582.0599980000001,38.463104
2015-08-24,99.211334,463.369995,82.089996,589.6099849999999,39.613098
2015-08-21,101.75125899999999,494.47000099999997,86.059998,612.47998,40.934166
2015-08-20,108.380096,515.780029,90.559998,646.830017,43.395733
2015-08-19,110.65064199999999,532.919983,95.309998,660.900024,44.298618
2015-08-18,112.084152,535.02002,95.16999799999999,656.130005,44.925888
2015-08-17,112.71916200000001,535.219971,93.93,660.869995,44.678779999999996
2015-08-14,111.56462900000001,531.52002,94.41999799999999,657.119995,44.37664
2015-08-13,110.785339,529.659973,93.43,656.450012,44.121716
2015-08-12,110.871918,525.909973,94.190002,659.5599980000001,44.131153000000005
2015-08-11,109.188248,527.460022,93.620003,660.780029,43.819569
2015-08-10,115.18211399999998,524.0,94.150002,633.72998,44.688225
2015-08-07,111.141319,522.619995,94.300003,635.299988,44.131153000000005
2015-08-06,110.76608999999999,529.460022,95.120003,642.679993,44.017853
2015-08-05,110.525574,537.01001,96.440002,643.780029,44.924271000000005
2015-08-04,109.79766799999999,531.900024,94.059998,629.25,44.886497
2015-08-03,113.43715700000001,535.030029,94.139999,631.210022,44.19725
2015-07-31,116.176353,536.150024,94.010002,625.6099849999999,44.093388
2015-07-30,117.20116399999999,536.76001,95.209999,632.590027,44.26334
2015-07-29,117.794968,529.0,96.989998,631.929993,43.706272
2015-07-28,118.168503,526.030029,95.290001,628.0,42.809303
2015-07-27,117.584259,531.409973,94.16999799999999,627.26001,42.818733
2015-07-24,119.241196,529.419983,96.949997,623.5599980000001,43.375801
2015-07-23,119.873306,482.17999299999997,95.440002,644.280029,43.53632
2015-07-22,119.930779,488.26998899999995,97.040001,662.099976,42.998135
2015-07-21,125.22718799999998,488.0,98.389999,662.299988,44.641014
2015-07-20,126.49146299999998,488.10000599999995,97.910004,663.02002,44.301109000000004
2015-07-17,124.14492,483.01000999999997,94.970001,672.929993,44.017853
2015-07-16,123.081818,475.48001100000005,90.849998,579.849976,44.055618
2015-07-15,121.463196,461.19000199999994,89.760002,560.219971,43.205849
2015-07-14,120.304298,465.57000700000003,89.68,561.099976,43.073662
2015-07-13,120.35219599999999,455.57000700000003,90.099998,546.549988,42.998135
2015-07-10,118.072723,443.51000999999997,87.949997,530.130005,42.120036999999996
2015-07-09,114.998314,434.39001500000006,85.879997,520.679993,42.035069
2015-07-08,117.392715,429.700012,85.650002,516.830017,41.770699
2015-07-07,120.380928,436.72000099999997,87.220001,525.02002,41.827346999999996
2015-07-06,120.677834,436.040009,87.550003,522.8599849999999,41.912315
2015-07-02,121.099236,437.709991,87.290001,523.400024,41.921768
2015-07-01,121.25248700000002,437.39001500000006,86.910004,521.840027,41.968971
2015-06-30,120.131905,434.089996,85.769997,520.51001,41.685722
2015-06-29,119.26991299999999,429.85998499999994,85.800003,521.52002,41.893436
2015-06-26,121.396149,438.10000599999995,88.010002,531.6900019999999,42.733753
2015-06-25,122.114471,440.10000599999995,87.980003,535.22998,43.101997
2015-06-24,122.69870800000001,440.839996,88.860001,537.840027,43.092552000000005
2015-06-23,121.664322,445.98999000000003,87.879997,540.47998,43.347481
2015-06-22,122.219826,436.290009,84.739998,538.1900019999999,43.64962
2015-06-19,121.25248700000002,434.920013,82.510002,536.6900019999999,43.526875
2015-06-18,122.47840900000001,439.39001500000006,82.910004,536.72998,44.112274
2015-06-17,121.92291999999999,427.80999800000006,81.790001,529.26001,43.404137
2015-06-16,122.210251,427.26000999999997,81.059998,528.150024,43.271946
2015-06-15,121.558975,423.670013,80.709999,527.200012,42.941483000000005
2015-06-12,121.79841599999999,429.920013,81.529999,532.330017,43.404137
2015-06-11,123.15841699999999,432.97000099999997,81.83000200000001,534.6099849999999,43.847896999999996
2015-06-10,123.43618799999999,430.76998899999995,82.160004,536.6900019999999,44.008410999999995
2015-06-09,122.037849,425.48001100000005,80.66999799999999,526.6900019999999,43.101997
2015-06-08,122.401802,423.5,80.66999799999999,526.830017,43.177528
2015-06-05,123.21590400000001,426.950012,82.139999,533.330017,43.564648
2015-06-04,123.89591200000001,430.77999900000003,82.050003,536.700012,43.772362
2015-06-03,124.623802,436.589996,82.440002,540.3099980000001,44.235012
2015-06-02,124.47058100000001,430.98999000000003,80.440002,539.179993,44.301109000000004
2015-06-01,125.02606200000001,430.920013,80.290001,533.98999,44.593803
2015-05-29,124.777046,429.23001100000005,79.190002,532.1099849999999,44.244453
2015-05-28,126.213676,426.57000700000003,80.150002,539.780029,44.801528999999995
2015-05-27,126.462708,431.420013,80.550003,539.789978,44.952595
2015-05-26,124.14492,425.47000099999997,79.33000200000001,532.320007,43.989521
2015-05-22,126.941574,427.630005,80.540001,540.1099849999999,44.282227
2015-05-21,125.84016399999999,431.630005,80.480003,542.51001,44.773201
2015-05-20,124.56633799999999,423.85998499999994,80.550003,539.27002,44.924271000000005
2015-05-19,124.57591200000002,421.709991,80.629997,537.3599849999999,44.924271000000005
2015-05-18,124.69086499999999,425.23999000000003,80.879997,532.299988,45.037566999999996
2015-05-15,123.33083300000001,426.0,80.41999799999999,533.849976,45.309616
2015-05-14,123.503227,432.27999900000003,81.370003,538.400024,45.703613
2015-05-13,120.68741599999998,426.869995,78.440002,529.619995,44.681098999999996
2015-05-12,120.553329,431.01998899999995,77.459999,529.039978,44.418427
2015-05-11,120.984306,432.85000599999995,78.010002,535.700012,44.437195
2015-05-08,122.229424,433.69000199999994,78.510002,538.219971,44.793667
2015-05-07,119.969086,426.880005,78.43,530.700012,43.808681
2015-05-06,119.231606,419.100006,78.099998,524.219971,43.414684
2015-05-05,119.985092,421.19000199999994,77.559998,530.799988,44.652954
2015-05-04,122.751053,423.040009,78.809998,540.780029,45.253326
2015-05-01,122.98948700000001,422.869995,78.989998,537.900024,45.647331
2015-04-30,119.36513500000001,421.77999900000003,78.769997,537.340027,45.628563
2015-04-29,122.693825,429.369995,80.470001,549.080017,46.022568
2015-04-28,124.52507800000001,429.30999800000006,80.68,553.679993,46.116375
2015-04-27,126.518456,438.55999800000006,81.910004,555.369995,45.056332
2015-04-24,124.25799599999999,445.10000599999995,81.529999,561.9674679999999,44.906242
2015-04-23,123.676208,389.98999,82.410004,544.006287,40.656704
2015-04-22,122.674751,389.799988,84.629997,536.413086,40.328373
2015-04-21,121.0438,391.179993,83.620003,531.049988,40.000038
2015-04-20,121.701889,389.51001,83.089996,532.44989,40.253326
2015-04-17,118.983627,375.559998,80.779999,521.181885,39.043194
2015-04-16,120.33798999999999,386.040009,82.309998,530.87854,39.549763
2015-04-15,120.91979199999999,383.450012,82.709999,529.617859,39.643566
2015-04-14,120.46198999999999,385.109985,83.519997,527.487183,39.071331
2015-04-13,120.98656499999998,382.359985,83.010002,536.219177,39.174526
2015-04-10,121.22500600000001,382.649994,82.040001,537.054565,39.137005
2015-04-09,120.709961,383.540009,82.16999799999999,537.820374,38.911869
2015-04-08,119.79434199999999,381.200012,82.279999,538.645813,38.855576
2015-04-07,120.185402,374.410004,82.32,534.080933,38.958767
2015-04-06,121.46343999999999,377.040009,82.440002,533.8273320000001,38.977528
2015-04-02,119.52728300000001,372.25,81.559998,532.59906,37.795536
2015-04-01,118.506744,370.26001,81.66999799999999,539.5905759999999,38.198917
2015-03-31,118.67841299999999,372.100006,82.220001,545.000854,38.142635
2015-03-30,120.528755,374.589996,83.199997,549.008789,38.424053
2015-03-27,117.552971,370.559998,83.300003,545.338989,38.433437
2015-03-26,118.497215,367.350006,83.010002,552.131592,38.658577
2015-03-25,117.67696399999998,370.959991,82.91999799999999,555.726807,38.893097
2015-03-24,120.83396100000002,374.089996,85.309998,567.069397,40.24395
2015-03-23,121.32991799999999,375.109985,84.43,555.751648,40.206421
2015-03-20,120.080482,378.48999,83.800003,557.293213,40.225189
2015-03-19,121.606522,373.23999,82.75,554.936157,39.671715
2015-03-18,122.531677,375.140015,80.910004,556.437866,39.86871
2015-03-17,121.16776999999999,371.920013,79.360001,547.825317,39.11824
2015-03-16,119.174377,373.350006,78.07,551.47522,38.986903999999996
2015-03-13,117.87724299999999,370.579987,78.050003,544.324585,38.81805
2015-03-12,118.697479,374.23999,78.93,552.4697269999999,38.480343
2015-03-11,116.589638,366.369995,77.57,548.163452,39.380897999999995
2015-03-10,118.754723,369.51001,77.550003,551.972473,39.427807
2015-03-09,121.263153,378.559998,79.440002,565.736694,40.197037
2015-03-06,120.748108,380.089996,80.010002,564.578125,39.737381
2015-03-05,120.56691000000001,387.829987,81.209999,572.181274,40.440945
2015-03-04,122.59843400000001,382.72000099999997,80.900002,570.231995,40.394042999999996
2015-03-03,123.38053899999998,384.609985,79.599998,570.500488,40.600418
2015-03-02,123.12301599999999,385.660004,79.75,568.213074,41.163273
2015-02-27,122.52215600000001,380.160004,78.970001,555.343933,41.135124
2015-02-26,124.39154099999999,384.799988,80.410004,552.43988,41.33213
2015-02-25,122.836899,385.369995,79.559998,540.893433,41.266464
2015-02-24,126.060654,378.589996,78.449997,533.1560059999999,41.360271000000004
2015-02-23,126.85228000000001,380.140015,78.839996,528.9989009999999,41.416557
2015-02-20,123.51408400000001,383.660004,79.900002,536.000366,41.144508
2015-02-19,122.512596,379.0,79.41999799999999,539.901306,40.806796999999996
2015-02-18,122.77013400000001,373.369995,76.709999,536.746277,40.834942
2015-02-17,121.921249,375.429993,75.599998,539.8690799999999,40.881844
2015-02-13,121.205933,381.829987,75.739998,546.00531,40.863087
2015-02-12,120.614594,377.170013,76.230003,539.958557,40.136551000000004
2015-02-11,119.10761299999999,375.140015,76.510002,533.036682,39.475208
2015-02-10,116.379814,373.0,75.190002,534.001343,39.680126
2015-02-09,114.186127,370.559998,74.440002,524.941223,39.456585
2015-02-06,113.43263999999999,374.27999900000003,74.470001,528.0938719999999,39.503155
2015-02-05,114.39596599999999,373.890015,75.610001,524.692566,39.540409000000004
2015-02-04,113.58525800000001,364.75,75.629997,519.898987,38.972233
2015-02-03,112.72071799999999,363.549988,75.400002,526.3435059999999,38.748669
2015-02-02,112.70172099999999,364.47000099999997,74.989998,525.587646,38.450603
2015-01-30,111.30518300000001,354.52999900000003,75.910004,531.594604,37.63092
2015-01-29,112.958244,311.77999900000003,78.0,507.865204,39.130565999999995
2015-01-28,109.54763799999999,303.910004,76.239998,507.208801,38.366768
2015-01-27,103.68596600000001,306.75,75.779999,515.791565,39.736022999999996
2015-01-26,107.448074,309.660004,77.5,532.280823,43.787861
2015-01-23,107.334084,312.390015,77.83000200000001,536.9948730000001,43.946213
2015-01-22,106.78305800000001,310.320007,77.650002,531.465332,43.899639
2015-01-21,104.075485,297.25,76.739998,515.204773,42.772564
2015-01-20,103.286957,289.440002,76.239998,504.125763,43.210358
2015-01-16,100.693382,290.73999,75.18,505.29931600000003,43.070637
2015-01-15,101.481903,286.950012,74.050003,499.04373200000003,42.362728000000004
2015-01-14,104.312988,293.269989,76.279999,498.128784,42.80983
2015-01-13,104.711998,294.73999,76.449997,493.46444699999995,43.182419
2015-01-12,103.790474,291.410004,76.720001,489.854309,43.40596
2015-01-09,106.412552,296.929993,77.739998,493.45449800000006,43.955528
2015-01-08,106.29853100000001,300.459991,78.18,499.928864,44.328106
2015-01-07,102.36544,298.420013,76.150002,498.357513,43.061325
2015-01-06,100.94989,295.290009,76.150002,499.212799,42.521076
2015-01-05,100.940392,302.190002,77.190002,511.057617,43.154472
2015-01-02,103.86646999999999,308.519989,78.449997,521.9377440000001,43.555
2014-12-31,104.863991,310.350006,78.019997,523.521423,43.266247
