,Height (feet),Speed,Length (feet),Number of Inversions,Drop (feet),Time,Vertical Angle (degrees),G Force,Sum,排名,Name
299,0.32065792003648,0.23488405120867956,0.08812171373051157,0.0,0.3092400235839283,0.0,0.13729379770463768,0.2995501040828459,1.389747610347083,1,Kingda Ka
298,0.2936263141098933,0.2160933271119852,0.07846869789644244,0.0,0.29500390996625386,0.0017808966902258718,0.13729379770463768,0.2995501040828459,1.3218170475622841,2,Top Thrill Dragster
292,0.21102974044532294,0.1526746332856417,0.19366742459547495,0.0,0.2159143898680625,0.09973021465264882,0.10678406488138487,0.2995501040828459,1.2793505718113818,3,Millennium Force
167,0.16792934655126532,0.14140019882762508,0.1378802783695245,0.023536079606509316,0.19139663863762316,0.19946042930529764,0.12203893129301127,0.26959509367456125,1.2532369962654175,4,Hyperion
294,0.22229290958140074,0.1573723143098153,0.1938799123654073,0.0,0.23173229388770078,0.16028070212032847,0.10983503816371014,0.14977505204142294,1.2251682224697855,5,Fury 325
295,0.2540550465451401,0.19683283491287346,0.0811156884018853,0.0,0.19139663863762316,0.0017808966902258718,0.13729379770463768,0.2995501040828459,1.1620250069752314,6,Red Force
291,0.2080262286757022,0.1503257927735549,0.16000329075905148,0.0,0.22065976107395396,0.16028070212032847,0.10678406488138487,0.14977505204142294,1.1558548923253988,7,Leviathan
112,0.0841313681788466,0.08009546146215973,0.0930635721512237,0.16475255724556523,0.06485340648051693,0.07479766098948662,0.23187396945672142,0.2995501040828459,1.093118100047366,8,Takabisha
297,0.2898719243978674,0.16911651687024928,0.0309625036187123,0.0,0.2381385450156543,0.0,0.13729379770463768,0.22466257806213438,1.0900458656692553,9,Superman: Escape from Krypton
159,0.1334640489948673,0.10945596786324466,0.14286159880465266,0.023536079606509316,0.12891591776005196,0.0890448345112936,0.13729379770463768,0.2995501040828459,1.0641223493281031,10,Flying Aces
296,0.2615638259691919,0.16911651687024928,0.0309625036187123,0.0,0.2381385450156543,0.0,0.13729379770463768,0.22466257806213438,1.0617377672405799,11,Tower of Terror II
254,0.1063573552740401,0.2844445860137109,0.19265658991851112,0.0,0.15659724979441897,0.12021052659024634,0.04576459923487923,0.14977505204142294,1.0558059588672295,12,Formula Rossa
153,0.12603035736505597,0.13153506867686054,0.12072340871727333,0.1412164776390559,0.12891591776005196,0.11753918155490754,0.13729379770463768,0.14977505204142294,1.0530292614592658,13,Soaring Dragon & Dancing Phoenix
280,0.15095950505290814,0.12213970662851335,0.15721059435422646,0.0,0.1486882977845998,0.09973021465264882,0.07017238549348148,0.2995501040828459,1.0484508080492239,14,Nitro
165,0.1580928455057574,0.1195559820652179,0.11646758223948564,0.023536079606509316,0.152484594749313,0.19946042930529764,0.12203893129301127,0.14977505204142294,1.041411496806015,15,Schwur des Kärnan
260,0.12603035736505597,0.12918622816477376,0.08180779142395063,0.0,0.15359184803068765,0.07479766098948662,0.13729379770463768,0.32950511449113046,1.0322127981697227,16,2910
166,0.16545144934132822,0.1181466777579658,0.10830198079494288,0.07060823881952795,0.18032410582387637,0.09082573120151946,0.1311918511399871,0.14977505204142294,1.0146250869205709,17,Eejanaika
289,0.17536303818107665,0.1240187790381828,0.09971747488967636,0.0,0.15121916242774192,0.05520779739700203,0.10678406488138487,0.2995501040828459,1.0118604208979105,18,Thunder Dolphin
145,0.11371595910961092,0.09489315668830656,0.09107225819300062,0.04707215921301863,0.1534336689904913,0.07479766098948662,0.13729379770463768,0.2995501040828459,1.0118287649713982,19,iSpeed
160,0.13444019031999405,0.09865130150764541,0.07649559717564215,0.09414431842603727,0.12891591776005196,0.10863469810377817,0.21661910304509502,0.14977505204142294,1.007676178379667,20,Cannibal
287,0.16545144934132822,0.1298908803183998,0.14923623190262283,0.0,0.1810359115047601,0.13534814845716625,0.12203893129301127,0.11982004163313832,1.0028215944504268,21,Shambhala
284,0.1580928455057574,0.1195559820652179,0.15481251809356147,0.0,0.152484594749313,0.18877504916394242,0.07169787213464413,0.14977505204142294,0.9951939137538592,22,Silver Star
286,0.1622226741889859,0.13388390918894733,0.15472145190644762,0.0,0.18032410582387637,0.16206159881055435,0.04881557251720451,0.14977505204142294,0.991804364477439,23,Titan
273,0.13444019031999405,0.1056978230439058,0.15739272672845417,0.0,0.14077934577478068,0.08370214444061598,0.07017238549348148,0.2995501040828459,0.991734719884078,24,Ride of Steel
262,0.12618053295353698,0.1056978230439058,0.15587495694322318,0.0,0.14077934577478068,0.09082573120151946,0.07017238549348148,0.2995501040828459,0.9890808794932935,25,Superman - Ride Of Steel
164,0.14825634446024946,0.1181466777579658,0.09804489258635181,0.07060823881952795,0.1534336689904913,0.10863469810377817,0.13729379770463768,0.14977505204142294,0.984193370464425,26,Dinoconda
137,0.1014766486484064,0.08009546146215973,0.10302317748190949,0.16475255724556523,0.1486882977845998,0.10507290472332644,0.1311918511399871,0.14977505204142294,0.9840759505273771,27,Superman / la Atracción de Acero
163,0.14570335945607182,0.11039550406807938,0.09713726625478368,0.07060823881952795,0.1478974025836179,0.12199142328047223,0.13729379770463768,0.14977505204142294,0.9808020442086135,28,Valravn
279,0.15095950505290814,0.11509318509225298,0.15490358428067535,0.0,0.1486882977845998,0.16473294384589313,0.09152919846975846,0.14977505204142294,0.9756817665675108,29,Behemoth
290,0.20727535073329703,0.14562811174938134,0.1482861080170682,0.0,0.2159143898680625,0.13534814845716625,0.12203893129301127,0.0,0.9744910401179866,30,Intimidator 305
125,0.09088926966049327,0.08690709894721142,0.11298278281259526,0.16475255724556523,0.0972801097207754,0.1487048736338603,0.04576459923487923,0.22466257806213438,0.9719438693175145,31,Medusa
142,0.10590682850859699,0.09160477997138503,0.11987345763754399,0.1412164776390559,0.10835264253452219,0.11753918155490754,0.13729379770463768,0.14977505204142294,0.9715622175920722,32,GateKeeper
57,0.059352396079475477,0.05825124469975253,0.08059357559576584,0.2353607960650932,0.12891591776005196,0.12199142328047223,0.13729379770463768,0.14977505204142294,0.9715342032266717,33,Velikolukskiy Myasokombinat-2
127,0.09088926966049327,0.08690709894721142,0.1069420590673759,0.1412164776390559,0.12891591776005196,0.12199142328047223,0.13729379770463768,0.14977505204142294,0.9639310961007213,34,Dragon's Run
253,0.1063573552740401,0.12918622816477376,0.0781287174645507,0.0,0.13429400512672898,0.07479766098948662,0.13729379770463768,0.2995501040828459,0.9596078688070637,35,Extreme Rusher
288,0.17288514097113955,0.1240187790381828,0.19711883308709024,0.0,0.16031445723903393,0.16740428888123196,0.061019465646505636,0.07488752602071147,0.9576484908838956,36,Fujiyama
139,0.10365419468138143,0.09395362048347182,0.11865924180935919,0.16475255724556523,0.0972801097207754,0.11753918155490754,0.10373309159905958,0.14977505204142294,0.949347049135943,37,Banshee
281,0.15095950505290814,0.12213970662851335,0.15381079003530904,0.0,0.1486882977845998,0.13534814845716625,0.08847822518743317,0.14977505204142294,0.9491997251873527,38,Diamondback
13,0.03247096574136984,0.05825124469975253,0.10999581187526067,0.32950511449113046,0.05646991735010866,0.12199142328047223,0.015254866411626409,0.22466257806213438,0.9486019219118551,39,Smiler
285,0.1605707427156945,0.13270948893290394,0.14843788499559132,0.0,0.1810359115047601,0.19946042930529764,0.12203893129301127,0.0,0.9442533887472586,40,Coaster Through the Clouds
157,0.1321875564927785,0.1010001420197322,0.08781815977346537,0.04707215921301863,0.1534336689904913,0.13534814845716625,0.13729379770463768,0.14977505204142294,0.9439286846927128,41,Griffon
269,0.1321875564927785,0.103348982531819,0.14846824039129594,0.0,0.13263312520466694,0.0819212477503901,0.04576459923487923,0.2995501040828459,0.9438738556886755,42,Magnum XL-200
155,0.12858334236923358,0.10217456227577561,0.09055014538688116,0.04707215921301863,0.12915318632034653,0.12199142328047223,0.13729379770463768,0.17973006244970754,0.936548679000073,43,Hyper Coaster
154,0.12858334236923358,0.10217456227577561,0.12025290008385174,0.04707215921301863,0.12915318632034653,0.0890448345112936,0.13729379770463768,0.17973006244970754,0.933304844927865,44,Flash
283,0.15471389476493405,0.13388390918894733,0.13007287059429626,0.0,0.18032410582387637,0.13534814845716625,0.04881557251720451,0.14977505204142294,0.9329335533878477,45,Goliath
106,0.0792506615532129,0.08009546146215973,0.13100781678199858,0.16475255724556523,0.07988041529917331,0.09082573120151946,0.10678406488138487,0.19470756765384978,0.927304276078864,46,Helix
152,0.12603035736505597,0.11673737345071374,0.09784454697470132,0.023536079606509316,0.12891591776005196,0.12199142328047223,0.13729379770463768,0.14977505204142294,0.9021245481835651,47,Soaring with Dragon
275,0.13519106826239924,0.12213970662851335,0.1708401670256008,0.0,0.15659724979441897,0.12021052659024634,0.04576459923487923,0.14977505204142294,0.9005183695774809,48,Desperado
32,0.05214396783238571,0.03993028870547552,0.0781287174645507,0.2353607960650932,0.06168982567658928,0.0569886940872279,0.07627433205813205,0.2995501040828459,0.9000667259723002,49,10 Inversion Roller Coaster
143,0.10966121822062291,0.11274434458016618,0.10305656841718455,0.04707215921301863,0.1486882977845998,0.09616842127219707,0.13271733778114975,0.14977505204142294,0.8998833993103619,50,X2
158,0.1321875564927785,0.1080466635559926,0.16771356126802495,0.09414431842603727,0.1368248697698711,0.10863469810377817,0.13729379770463768,0.0,0.8848454653211202,51,Steel Vengeance
161,0.1419489697440459,0.09865130150764541,0.03293560433951259,0.023536079606509316,0.2380594554955561,0.0569886940872279,0.13729379770463768,0.14977505204142294,0.8791889545265578,52,Mr. Freeze Reverse Blast
162,0.1419489697440459,0.09865130150764541,0.03293560433951259,0.023536079606509316,0.2380594554955561,0.0569886940872279,0.13729379770463768,0.14977505204142294,0.8791889545265578,53,Mr. Freeze Reverse Blast
101,0.07189205771764208,0.08009546146215973,0.09863985834216236,0.09414431842603727,0.07355325369131799,0.10863469810377817,0.23187396945672142,0.11982004163313832,0.8786536588329573,54,blue fire Megacoaster
151,0.12467877706872663,0.09160477997138503,0.1096740446807917,0.1412164776390559,0.11309801374041369,0.14425263190829563,0.04576459923487923,0.10484253642899607,0.8751318606725439,55,Alpengeist
133,0.0953945373149244,0.08690709894721142,0.1261266691526957,0.1412164776390559,0.09411652891684776,0.13534814845716625,0.015254866411626409,0.17973006244970754,0.8740943892892353,56,Riddler's Revenge
117,0.08863663583327772,0.061304737365465364,0.06019474968226126,0.1412164776390559,0.12891591776005196,0.10329200803310057,0.13729379770463768,0.14977505204142294,0.8706293760592734,57,Happy Angel
59,0.059577659462197036,0.05825124469975253,0.08089105847367112,0.2353607960650932,0.05615355926971588,0.12199142328047223,0.1006821183167343,0.14977505204142294,0.8626829116090593,58,Altair
58,0.059577659462197036,0.05825124469975253,0.08061785991232953,0.2353607960650932,0.05615355926971588,0.12199142328047223,0.1006821183167343,0.14977505204142294,0.8624097130477176,59,Crazy Coaster
83,0.06573485858991955,0.044627969729649115,0.021855884907326328,0.07060823881952795,0.12100696575023283,0.07123586760903487,0.13729379770463768,0.32950511449113046,0.8618686976014589,60,Boomerang
87,0.06573485858991955,0.044627969729649115,0.021855884907326328,0.07060823881952795,0.12100696575023283,0.07123586760903487,0.13729379770463768,0.32950511449113046,0.8618686976014589,61,Boomerang
86,0.06573485858991955,0.044627969729649115,0.021855884907326328,0.07060823881952795,0.12100696575023283,0.07123586760903487,0.13729379770463768,0.32950511449113046,0.8618686976014589,62,Flashback
120,0.0893875137756829,0.08690709894721142,0.11990381303324861,0.18828863685207453,0.10597995693157647,0.06856452257369607,0.04576459923487923,0.14977505204142294,0.854571193389792,63,Dragon Khan
150,0.12212579206454899,0.0883164032544635,0.03002148635186908,0.07060823881952795,0.11863428014728708,0.0569886940872279,0.13729379770463768,0.22466257806213438,0.8486512704916965,64,Goliath
149,0.1216752652991059,0.0883164032544635,0.03002148635186908,0.07060823881952795,0.11863428014728708,0.0569886940872279,0.13729379770463768,0.22466257806213438,0.8482007437262534,65,Stunt Fall
250,0.09839804908454514,0.13388390918894733,0.0906108561782904,0.0,0.15896993539736468,0.07924990271505129,0.13729379770463768,0.14977505204142294,0.8481815023102595,66,Phantom's Revenge
129,0.09088926966049327,0.08220941792303785,0.11443984180641702,0.16475255724556523,0.09016205291193818,0.13534814845716625,0.015254866411626409,0.14977505204142294,0.8428312064576671,67,Scream!
277,0.13969633591683034,0.103348982531819,0.0,0.0,0.1415702409757626,0.019589863592484588,0.13729379770463768,0.2995501040828459,0.8410493248043801,68,Wicked Twister
136,0.1014766486484064,0.0859675627423767,0.11298278281259526,0.1412164776390559,0.095461050758517,0.10151111134287469,0.04576459923487923,0.14977505204142294,0.834155285220128,69,Katun
124,0.09013839171808809,0.08690709894721142,0.12026807778170405,0.16475255724556523,0.09253473851488392,0.08370214444061598,0.04576459923487923,0.14977505204142294,0.8338426599243708,70,Kraken
45,0.05709976225225993,0.05096983911228346,0.07543922940512136,0.1176803980325466,0.04191744565204143,0.04185107222030799,0.15865061068091466,0.2845725988787036,0.8281809562341791,71,Batman: Arkham Asylum
93,0.0667109999150463,0.06341869382634348,0.07239761875551846,0.1176803980325466,0.12100696575023283,0.09973021465264882,0.13729379770463768,0.14977505204142294,0.8280137406783972,72,Batman - The Dark Knight
103,0.07684785213751631,0.0516744912659095,0.024247890088850373,0.07060823881952795,0.12100696575023283,0.05520779739700203,0.12814087785766184,0.2995501040828459,0.8272842173995467,73,Invertigo
92,0.0667109999150463,0.0631838097751348,0.060340455581643436,0.09414431842603727,0.0670679130432663,0.0569886940872279,0.15865061068091466,0.254617588470419,0.8217043899796896,74,Snow Mountain Flying Dragon
252,0.10590682850859699,0.1056978230439058,0.1416686317534611,0.0,0.14473382177969024,0.09527797292708415,0.061019465646505636,0.16475255724556515,0.819057100904809,75,Apollo's Chariot
276,0.13819458003201998,0.1080466635559926,0.1603372001118023,0.0,0.14077934577478068,0.13534814845716625,0.061019465646505636,0.07488752602071147,0.8186129295989789,76,Big One
268,0.1321875564927785,0.11039550406807938,0.16346380586937817,0.0,0.14077934577478068,0.13534814845716625,0.061019465646505636,0.07488752602071147,0.8180813523294,77,Mamba
282,0.1524612609377185,0.11039550406807938,0.15484287348926612,0.0,0.14552471698067215,0.16473294384589313,0.08847822518743317,0.0,0.8164355245090624,78,Intimidator
131,0.09209067436834156,0.08761175110083746,0.008414515689320634,0.04707215921301863,0.12100696575023283,0.019589863592484588,0.13729379770463768,0.2995501040828459,0.8126298315017193,79,Sky Wheel
113,0.08488224612125178,0.07751173689886424,0.11443984180641702,0.16475255724556523,0.0972801097207754,0.09973021465264882,0.021356812976276972,0.14977505204142294,0.8097285714632225,80,Bizarro
123,0.09013839171808809,0.07516289638677745,0.08699856408944064,0.09414431842603727,0.07592593929426374,0.09794931796242294,0.13729379770463768,0.14977505204142294,0.8073882776230907,81,Patriot
255,0.10883525248397723,0.10945596786324466,0.11497409677081834,0.0,0.09016205291193818,0.04185107222030799,0.11288601144603544,0.22466257806213438,0.8028270317584562,82,Expedition GeForce
259,0.11716999764467477,0.09865130150764541,0.012597489217417258,0.0,0.11705248974532326,0.019589863592484588,0.13729379770463768,0.2995501040828459,0.8019050434950289,83,Vertical Velocity
258,0.11716999764467477,0.09395362048347182,0.012597489217417258,0.0,0.11705248974532326,0.019589863592484588,0.13729379770463768,0.2995501040828459,0.7972073624708553,84,Steel Venom
114,0.08563312406365699,0.07516289638677745,0.11422735403648468,0.16475255724556523,0.08541668170604669,0.13000545838648864,0.021356812976276972,0.11982004163313832,0.796374926434435,85,Kumba
126,0.09088926966049327,0.07516289638677745,0.11437913101500778,0.16475255724556523,0.07988041529917331,0.13534814845716625,0.015254866411626409,0.11982004163313832,0.795487326108948,86,Montu
147,0.11792087558707995,0.0516744912659095,0.16042826629891616,0.09414431842603727,0.14077934577478068,0.16206159881055435,0.061019465646505636,0.0,0.7880283618097836,87,Dragon Mountain
102,0.073619076985174,0.06811637485051707,0.07066736120035512,0.1176803980325466,0.021354170426511672,0.050755555671437344,0.15865061068091466,0.22466257806213438,0.7855061259095909,88,Swarm
74,0.06160502990669104,0.05872101280216989,0.09801757273021766,0.07060823881952795,0.06089893047560737,0.10863469810377817,0.07017238549348148,0.254617588470419,0.7832754568018925,89,Quimera
73,0.060854151964285855,0.09160477997138503,0.10578855403060035,0.16475255724556523,0.06161073615649109,0.09527797292708415,0.04576459923487923,0.14977505204142294,0.7754284035717138,90,Incredible Hulk
130,0.09088926966049327,0.11039550406807938,0.07239761875551846,0.07060823881952795,0.12100696575023283,0.019589863592484588,0.13729379770463768,0.14977505204142294,0.7719563103923971,91,Storm Runner
247,0.09088926966049327,0.08690709894721142,0.012597489217417258,0.0,0.12100696575023283,0.019589863592484588,0.13729379770463768,0.2995501040828459,0.767834588955323,92,V2: Vertical Velocity
134,0.09839804908454514,0.09865130150764541,0.0602554604736705,0.04707215921301863,0.12100696575023283,0.05520779739700203,0.13729379770463768,0.14977505204142294,0.7676605831721752,93,Full Throttle
148,0.11942263147189035,0.09865130150764541,0.10973475547220095,0.16475255724556523,0.1138889089413956,0.10863469810377817,0.04576459923487923,0.0,0.7608494519773549,94,Viper
100,0.07136644315795845,0.08009546146215973,0.09862468064431006,0.09414431842603727,0.07988041529917331,0.10863469810377817,0.10678406488138487,0.11982004163313832,0.7593501236079401,95,Velikolukskiy Myasokombinat 
27,0.04959098282820807,0.05872101280216989,0.09055014538688116,0.16475255724556523,0.06168982567658928,0.11308693982934286,0.07017238549348148,0.14977505204142294,0.7583389013036609,96,Hydra the Revenge
135,0.0989987514384693,0.19683283491287346,0.11736306641277192,0.023536079606509316,0.09490742411782967,0.11308693982934286,0.11288601144603544,0.0,0.7576111077638319,97,Do-Dodonpa
98,0.06911380933074289,0.07046521536260386,0.07543315832598045,0.1412164776390559,0.04191744565204143,0.050755555671437344,0.15865061068091466,0.14977505204142294,0.7573273247041995,98,Fahrenheit
278,0.14330055004037523,0.10945596786324466,0.16277777392645373,0.0,0.14077934577478068,0.13890994183761798,0.061019465646505636,0.0,0.7562430450889779,99,Superman el Último Escape
91,0.06573485858991955,0.044627969729649115,0.021855884907326328,0.07060823881952795,0.12100696575023283,0.07123586760903487,0.027458759540927535,0.32950511449113046,0.7520336594377486,100,Boomerang
84,0.06573485858991955,0.044627969729649115,0.021855884907326328,0.07060823881952795,0.12100696575023283,0.07123586760903487,0.027458759540927535,0.32950511449113046,0.7520336594377486,101,Boomerang Coast to Coaster
85,0.06573485858991955,0.044627969729649115,0.021855884907326328,0.07060823881952795,0.12100696575023283,0.07123586760903487,0.027458759540927535,0.32950511449113046,0.7520336594377486,102,Boomerang
89,0.06573485858991955,0.044627969729649115,0.021855884907326328,0.07060823881952795,0.12100696575023283,0.07123586760903487,0.027458759540927535,0.32950511449113046,0.7520336594377486,103,Boomerang
90,0.06573485858991955,0.044627969729649115,0.021855884907326328,0.07060823881952795,0.12100696575023283,0.07123586760903487,0.027458759540927535,0.32950511449113046,0.7520336594377486,104,Boomerang
78,0.06460854167631178,0.0516744912659095,0.09486061157693719,0.1176803980325466,0.06643519688248077,0.09082573120151946,0.07017238549348148,0.19470756765384978,0.7509649237830366,105,Firehawk
19,0.03742676016124406,0.07516289638677745,0.07558493530450355,0.09414431842603727,0.04191744565204143,0.04185107222030799,0.15865061068091466,0.22466257806213438,0.7494006168939608,106,Poltergeist
270,0.132262644287019,0.12213970662851335,0.033308975706679414,0.0,0.11705248974532326,0.0569886940872279,0.13729379770463768,0.14977505204142294,0.7488213602008236,107,Stealth
119,0.08916225039296134,0.08009546146215973,0.11637044497323085,0.1412164776390559,0.07988041529917331,0.07568810933459955,0.015254866411626409,0.14977505204142294,0.7474430775542301,108,Pyrenees
274,0.13444019031999405,0.11509318509225298,0.15739272672845417,0.0,0.1534336689904913,0.11308693982934286,0.07017238549348148,0.0,0.7436190964540168,109,Superman the Ride
20,0.038327813692130286,0.06811637485051707,0.09677300150632824,0.07060823881952795,0.06168982567658928,0.03739883049474331,0.07017238549348148,0.2995501040828459,0.7426365746161634,110,Rock 'n' Roller Coaster
248,0.09314190348770883,0.09536292479072388,0.12096625188291031,0.0,0.09490742411782967,0.0819212477503901,0.10373309159905958,0.14977505204142294,0.7398078956700453,111,New Texas Giant
266,0.12843316678075256,0.11039550406807938,0.16346380586937817,0.0,0.14077934577478068,0.13534814845716625,0.061019465646505636,0.0,0.7394394365966627,112,Steel Force
168,0.0,0.12448854714060016,0.020092539970844956,0.0,0.021354170426511672,0.13534814845716625,0.13729379770463768,0.2995501040828459,0.7381273077826066,113,Terminator Salvation: The Coaster
272,0.13368931237758885,0.1080466635559926,0.15921405047073137,0.0,0.13366128896594345,0.13534814845716625,0.061019465646505636,0.0,0.7309789294739282,114,Wild Thing
265,0.12843316678075256,0.11039550406807938,0.10275301446013836,0.0,0.1534336689904913,0.10863469810377817,0.12203893129301127,0.0,0.725688983696251,115,Skyrush
88,0.06573485858991955,0.044627969729649115,0.021855884907326328,0.07060823881952795,0.021354170426511672,0.07123586760903487,0.1006821183167343,0.32950511449113046,0.7256042228898343,116,Boomerang
263,0.12843316678075256,0.09865130150764541,0.12946576268020388,0.0,0.11705248974532326,0.11308693982934286,0.13729379770463768,0.0,0.7239834582479056,117,Goliath
116,0.08788575789087254,0.06341869382634348,0.08833420150044391,0.1412164776390559,0.06485340648051693,0.10863469810377817,0.015254866411626409,0.14977505204142294,0.7193731538940603,118,Silver Bullet
109,0.08112785640922586,0.06811637485051707,0.10852053964401613,0.1412164776390559,0.07276235849033608,0.09616842127219707,0.0,0.14977505204142294,0.717687080346771,119,Raptor
76,0.0631067857915014,0.07986057741095104,0.08320413962636314,0.1412164776390559,0.06089893047560737,0.1237723199706981,0.015254866411626409,0.14977505204142294,0.7170891493672263,120,Afterburn
61,0.06010327402188067,0.06341869382634348,0.09425350366284478,0.07060823881952795,0.05615355926971588,0.12199142328047223,0.1006821183167343,0.14977505204142294,0.7169858632389422,121,Wicked Cyclone
140,0.10440507262378663,0.09865130150764541,0.11535050367755563,0.1412164776390559,0.0972801097207754,0.11308693982934286,0.04576459923487923,0.0,0.715755004233041,122,Superman Krypton Coaster
118,0.08916225039296134,0.06553265028722159,0.0930635721512237,0.1412164776390559,0.07592593929426374,0.09973021465264882,0.0,0.14977505204142294,0.714406156458798,123,Phaethon
75,0.0631067857915014,0.06341869382634348,0.09841219287437772,0.023536079606509316,0.06089893047560737,0.09260662789174534,0.027458759540927535,0.2845725988787036,0.7140106688857157,124,New Revolution
141,0.10590682850859699,0.07986057741095104,0.1028137252515476,0.09414431842603727,0.06643519688248077,0.09973021465264882,0.015254866411626409,0.14977505204142294,0.7139207795853119,125,Tatsu
51,0.05709976225225993,0.0516744912659095,0.07522067055604811,0.1176803980325466,0.04191744565204143,0.0819212477503901,0.13729379770463768,0.14977505204142294,0.7125828652552563,126,Goliath
217,0.05214396783238571,0.10499317089027976,0.1249367376410746,0.0,0.05615355926971588,0.12199142328047223,0.1006821183167343,0.14977505204142294,0.7106760292720854,127,Taron
4,0.022634464695861913,0.06576753433843027,0.07913651660194407,0.04707215921301863,0.06168982567658928,0.0569886940872279,0.07627433205813205,0.2995501040828459,0.70911363075405,128,Doble Loop
107,0.07962610052441549,0.07046521536260386,0.0878788705648746,0.09414431842603727,0.07355325369131799,0.13534814845716625,0.015254866411626409,0.14977505204142294,0.7060458254794648,129,Talon
71,0.06032853740460222,0.05096983911228346,0.06209196191380001,0.1176803980325466,0.04191744565204143,0.06055048746767964,0.15865061068091466,0.14977505204142294,0.701964332305291,130,Raptor
72,0.06032853740460222,0.05096983911228346,0.06209196191380001,0.1176803980325466,0.04191744565204143,0.06055048746767964,0.15865061068091466,0.14977505204142294,0.701964332305291,131,Firewhip
39,0.053345372540234,0.05872101280216989,0.0906108561782904,0.07060823881952795,0.05615355926971588,0.12199142328047223,0.1006821183167343,0.14977505204142294,0.7018876332485676,132,Joker
132,0.09209067436834156,0.0873768670496288,0.03829029614180754,0.04707215921301863,0.12100696575023283,0.02849434704361395,0.13729379770463768,0.14977505204142294,0.7014001593127039,133,Abismo
128,0.09088926966049327,0.07986057741095104,0.019670296416593694,0.023536079606509316,0.021354170426511672,0.02849434704361395,0.13729379770463768,0.2995501040828459,0.7006486423521565,134,Sky Scream
242,0.07684785213751631,0.07727685284765556,0.15914423306061073,0.0,0.14077934577478068,0.18521325578349068,0.061019465646505636,0.0,0.7002810052505596,135,Gao
121,0.0893875137756829,0.06341869382634348,0.017757906487202643,0.023536079606509316,0.12100696575023283,0.007123586760903487,0.07627433205813205,0.2995501040828459,0.6980551823478526,136,Montezooma's Revenge
30,0.05184361665542363,0.07046521536260386,0.08453977703736641,0.07060823881952795,0.049826397661860575,0.0819212477503901,0.13729379770463768,0.14977505204142294,0.6962733430332332,137,Medusa Steel Coaster
267,0.12993492266556292,0.1056978230439058,0.14698082600176957,0.0,0.1431520313777264,0.10863469810377817,0.061019465646505636,0.0,0.6954197668392484,138,Raging Bull
81,0.06573485858991955,0.044627969729649115,0.021855884907326328,0.07060823881952795,0.06406251127953502,0.07123586760903487,0.027458759540927535,0.32950511449113046,0.6950892049670508,139,Boomerang
82,0.06573485858991955,0.044627969729649115,0.021855884907326328,0.07060823881952795,0.06406251127953502,0.07123586760903487,0.027458759540927535,0.32950511449113046,0.6950892049670508,140,Boomerang
56,0.059352396079475477,0.0516744912659095,0.07124411371874291,0.1176803980325466,0.04286651989321973,0.0819212477503901,0.027458759540927535,0.23964008326627664,0.6918380095474884,141,Great White
54,0.05785064019466511,0.05637217229008309,0.04811330219182254,0.07060823881952795,0.12891591776005196,0.04185107222030799,0.13729379770463768,0.14977505204142294,0.6907801932225193,142,RailBlazer
36,0.053345372540234,0.06341869382634348,0.06517303457781892,0.07060823881952795,0.05615355926971588,0.06411228084813139,0.16780353052789052,0.14977505204142294,0.6903897624510851,143,Saw - The Ride
97,0.06911380933074289,0.06811637485051707,0.14494701448956002,0.04707215921301863,0.07988041529917331,0.1709660822616837,0.10678406488138487,0.0,0.6868799203260805,144,Twisted Colossus
110,0.08172855876315001,0.05872101280216989,0.015390185622242288,0.023536079606509316,0.12100696575023283,0.007123586760903487,0.07627433205813205,0.2995501040828459,0.6833308254461857,145,Katapul
77,0.06460854167631178,0.0516744912659095,0.09486061157693719,0.1176803980325466,0.05773534967167971,0.08370214444061598,0.015254866411626409,0.19470756765384978,0.6802239707294769,146,Batwing
38,0.053345372540234,0.052379143419535534,0.08514688495145882,0.07060823881952795,0.049826397661860575,0.07924990271505129,0.13729379770463768,0.14977505204142294,0.6776247898537288,147,Time Traveler
41,0.05462186504232282,0.05096983911228346,0.07613436796675717,0.18828863685207453,0.05615355926971588,0.02849434704361395,0.06712141221115621,0.14977505204142294,0.6715590795393469,148,Flight of the Phoenix
34,0.05214396783238571,0.03993028870547552,0.0781287174645507,0.2353607960650932,0.049826397661860575,0.0569886940872279,0.15865061068091466,0.0,0.6710294724975083,149,Colossus
105,0.07684785213751631,0.08009546146215973,0.06318779169873678,0.023536079606509316,0.05615355926971588,0.06055048746767964,0.15865061068091466,0.14977505204142294,0.6687968943646553,150,Fluch von Novgorod
182,0.0270646445560525,0.09395362048347182,0.030567883474552242,0.0,0.12100696575023283,0.04185107222030799,0.12814087785766184,0.22466257806213438,0.6672476424044136,151,Oblivion
156,0.1306858006079681,0.09160477997138503,0.13848131520447596,0.04707215921301863,0.09253473851488392,0.11753918155490754,0.04576459923487923,0.0,0.6636825743015183,152,Big Apple Coaster
214,0.05214396783238571,0.036407027937345335,0.0004462243168579122,0.0,0.12100696575023283,0.0819212477503901,0.13729379770463768,0.22466257806213438,0.653881809353984,153,Half Pipe
52,0.05709976225225993,0.09865130150764541,0.1285551008090653,0.04707215921301863,0.05773534967167971,0.10863469810377817,0.1525486641162641,0.0,0.6502970356737112,154,Maverick
15,0.03397272162618021,0.06106985331425668,0.07558493530450355,0.09414431842603727,0.031635808039276556,0.10329200803310057,0.015254866411626409,0.22466257806213438,0.6396170892171157,155,Flight of Fear
21,0.038327813692130286,0.08690709894721142,0.055702151117977515,0.04707215921301863,0.04191744565204143,0.05520779739700203,0.15865061068091466,0.14977505204142294,0.633560128741719,156,Texas Tornado
122,0.0893875137756829,0.06341869382634348,0.10882409360106234,0.1412164776390559,0.08778936730899244,0.10863469810377817,0.030509732823252818,0.0,0.629780577078168,157,Vortex
40,0.053345372540234,0.06341869382634348,0.08150423746690443,0.04707215921301863,0.049826397661860575,0.0819212477503901,0.1006821183167343,0.14977505204142294,0.6275452788169085,158,Apocalypse
28,0.049741158416689114,0.04650704213931855,0.06816911213386491,0.09414431842603727,0.048244607259896745,0.06678362588347019,0.027458759540927535,0.22466257806213438,0.6257112018623388,159,Nemisis Inferno
49,0.05709976225225993,0.037581448193388725,0.09306964323036461,0.07060823881952795,0.06089893047560737,0.08637348947595479,0.07017238549348148,0.14977505204142294,0.6255789499820077,160,Star Wars Hyperspace Mountain: Rebel Mission
79,0.06460854167631178,0.06341869382634348,0.05934479860253191,0.1176803980325466,0.06643519688248077,0.08637348947595479,0.015254866411626409,0.14977505204142294,0.6228910369492188,161,Fly the Great Nor'Easter
14,0.03397272162618021,0.06106985331425668,0.07558493530450355,0.09414431842603727,0.031635808039276556,0.02849434704361395,0.06712141221115621,0.22466257806213438,0.6166859740271589,162,Flight of Fear
37,0.053345372540234,0.0516744912659095,0.07543315832598045,0.1176803980325466,0.05061729286284249,0.0819212477503901,0.027458759540927535,0.14977505204142294,0.6079057723602537,163,Batman The Ride
239,0.07234258448308518,0.07516289638677745,0.11292207202118604,0.0,0.07197146328935417,0.09973021465264882,0.021356812976276972,0.14977505204142294,0.6032610958507516,164,Gemini
48,0.05709976225225993,0.0516744912659095,0.07543315832598045,0.1176803980325466,0.04191744565204143,0.0819212477503901,0.027458759540927535,0.14977505204142294,0.6029603148614785,165,Batman The Ride
46,0.05709976225225993,0.0516744912659095,0.07543315832598045,0.1176803980325466,0.04191744565204143,0.0819212477503901,0.027458759540927535,0.14977505204142294,0.6029603148614785,166,Batman The Ride
47,0.05709976225225993,0.0516744912659095,0.07522067055604811,0.1176803980325466,0.04191744565204143,0.0819212477503901,0.027458759540927535,0.14977505204142294,0.6027478270915461,167,Batman The Ride
104,0.07684785213751631,0.06553265028722159,0.11298278281259526,0.1412164776390559,0.0972801097207754,0.1068538014135523,0.0,0.0,0.6007136740107167,168,Monster
35,0.053345372540234,0.05637217229008309,0.07676879573698372,0.07060823881952795,0.05615355926971588,0.06411228084813139,0.1006821183167343,0.11982004163313832,0.5978625794545487,169,Storm Chaser
228,0.059577659462197036,0.05543263608524838,0.06507893285113461,0.0,0.05615355926971588,0.06411228084813139,0.1006821183167343,0.19470756765384978,0.5957447544870114,170,Alpina Blitz
53,0.05785064019466511,0.0540233317779963,0.0784079871050332,0.04707215921301863,0.05773534967167971,0.13534814845716625,0.015254866411626409,0.14977505204142294,0.5954675348726086,171,Superman - Ultimate Flight
62,0.06032853740460222,0.05096983911228346,0.06209196191380001,0.1176803980325466,0.06643519688248077,0.06055048746767964,0.027458759540927535,0.14977505204142294,0.5952902323957432,172,Batman the Ride
64,0.06032853740460222,0.05096983911228346,0.06209196191380001,0.1176803980325466,0.06643519688248077,0.06055048746767964,0.027458759540927535,0.14977505204142294,0.5952902323957432,173,MP-Xpress
115,0.08713487994846734,0.07516289638677745,0.11185963317152434,0.09414431842603727,0.08699847210801052,0.11753918155490754,0.021356812976276972,0.0,0.5941961945720015,174,Rougarou
80,0.06535941961871697,0.07516289638677745,0.10275301446013836,0.04707215921301863,0.07197146328935417,0.0819212477503901,0.0,0.14977505204142294,0.5940152527598186,175,Shock Wave
99,0.06986468727314808,0.05637217229008309,0.07670808494557449,0.1176803980325466,0.06406251127953502,0.04630331394587267,0.15865061068091466,0.0,0.5896417784476745,176,Blue Hawk
96,0.06836293138833771,0.06341869382634348,0.17779155264195876,0.023536079606509316,0.06406251127953502,0.1139773881744558,0.07017238549348148,0.0,0.5813215424106216,177,Incredicoaster
50,0.05709976225225993,0.0516744912659095,0.07522067055604811,0.1176803980325466,0.04191744565204143,0.05520779739700203,0.027458759540927535,0.14977505204142294,0.576034376738158,178,Batman The Ride
12,0.0323207901528888,0.03993028870547552,0.025346755413357614,0.07060823881952795,0.05615355926971588,0.04185107222030799,0.15865061068091466,0.14977505204142294,0.5746363673036113,179,Adrenaline Peak
43,0.05484712842504436,0.0516744912659095,0.0620767842159477,0.07060823881952795,0.05061729286284249,0.10507290472332644,0.027458759540927535,0.14977505204142294,0.5721306518949489,180,Flight Deck
65,0.06032853740460222,0.05096983911228346,0.06209196191380001,0.1176803980325466,0.042708340853023344,0.06055048746767964,0.027458759540927535,0.14977505204142294,0.5715633763662857,181,Kong
66,0.06032853740460222,0.05096983911228346,0.06209196191380001,0.1176803980325466,0.042708340853023344,0.06055048746767964,0.027458759540927535,0.14977505204142294,0.5715633763662857,182,Mind Eraser
67,0.06032853740460222,0.05096983911228346,0.06209196191380001,0.1176803980325466,0.042708340853023344,0.06055048746767964,0.027458759540927535,0.14977505204142294,0.5715633763662857,183,Mind Eraser
68,0.06032853740460222,0.05096983911228346,0.06209196191380001,0.1176803980325466,0.042708340853023344,0.06055048746767964,0.027458759540927535,0.14977505204142294,0.5715633763662857,184,Riddler Revenge
70,0.06032853740460222,0.05096983911228346,0.06209196191380001,0.1176803980325466,0.042708340853023344,0.06055048746767964,0.027458759540927535,0.14977505204142294,0.5715633763662857,185,Desafio
63,0.06032853740460222,0.05096983911228346,0.06209196191380001,0.1176803980325466,0.042708340853023344,0.06055048746767964,0.027458759540927535,0.14977505204142294,0.5715633763662857,186,Limit
246,0.09088926966049327,0.08690709894721142,0.10578855403060035,0.0,0.0972801097207754,0.06411228084813139,0.04576459923487923,0.07488752602071147,0.5656294384628024,187,Steel Eel
69,0.06032853740460222,0.05096983911228346,0.06209196191380001,0.1176803980325466,0.042708340853023344,0.05342690070677615,0.027458759540927535,0.14977505204142294,0.5644397896053822,188,Flight Deck
6,0.02631376661364732,0.021844216762407193,0.028330690811121752,0.04707215921301863,0.12100696575023283,0.04185107222030799,0.12814087785766184,0.14977505204142294,0.5643348012698205,189,Tornado
10,0.02631376661364732,0.021844216762407193,0.028321584192410366,0.04707215921301863,0.12100696575023283,0.04185107222030799,0.12814087785766184,0.14977505204142294,0.5643256946511092,190,Whirl Wind Looping Coaster
44,0.05612362092713318,0.0516744912659095,0.05813058277434711,0.09414431842603727,0.049826397661860575,0.06856452257369607,0.027458759540927535,0.14977505204142294,0.5556977452113341,191,Demon
42,0.05484712842504436,0.0516744912659095,0.05813058277434711,0.09414431842603727,0.049826397661860575,0.06856452257369607,0.027458759540927535,0.14977505204142294,0.5544212527092454,192,Demon
33,0.05214396783238571,0.026307013735372115,0.06378579299411781,0.09414431842603727,0.049826397661860575,0.09082573120151946,0.027458759540927535,0.14977505204142294,0.5542670334336435,193,Big Loop
8,0.02631376661364732,0.021844216762407193,0.028330690811121752,0.04707215921301863,0.12100696575023283,0.02849434704361395,0.12814087785766184,0.14977505204142294,0.5509780760931264,194,SpeedSnake FREE
25,0.042307466786877766,0.05096983911228346,0.06996008048043748,0.09414431842603727,0.04871914438048589,0.06678362588347019,0.027458759540927535,0.14977505204142294,0.5501182866519425,195,Black Mamba
95,0.06836293138833771,0.023488405120867955,0.0244057381465144,0.1176803980325466,0.021354170426511672,0.04185107222030799,0.1006821183167343,0.14977505204142294,0.5475998856932436,196,Joker
5,0.025562888671242134,0.03993028870547552,0.047354417299207044,0.023536079606509316,0.05615355926971588,0.04185107222030799,0.15865061068091466,0.14977505204142294,0.5428139684947955,197,Ranier Rush
227,0.05860151813707029,0.0516744912659095,0.21937844475728802,0.0,0.06406251127953502,0.1308959067316016,0.015254866411626409,0.0,0.5398677385830308,198,Ultimate
23,0.042082203404156214,0.04697681024173591,0.055702151117977515,0.07060823881952795,0.049826397661860575,0.0819212477503901,0.027458759540927535,0.14977505204142294,0.5243508605779987,199,Corkscrew
94,0.06686117550352733,0.06576753433843027,0.08808528725566603,0.16475255724556523,0.06406251127953502,0.04630331394587267,0.027458759540927535,0.0,0.5232911391095241,200,Goudurix
201,0.04110606207902947,0.021844216762407193,0.085292590850841,0.0,0.04191744565204143,0.1513762186691991,0.027458759540927535,0.14977505204142294,0.5187703455958687,201,Eurosat Can Can Coaster
173,0.012722875856113463,0.0,0.03032200476934482,0.0,0.12100696575023283,0.07301676429926074,0.12814087785766184,0.14977505204142294,0.5149845405740366,202,Taunusblitz
215,0.05214396783238571,0.05096983911228346,0.03231331872756789,0.0,0.05615355926971588,0.15315711535942497,0.015254866411626409,0.14977505204142294,0.5097677187544273,203,Atlantica SuperSplash
60,0.059577659462197036,0.03053492665712834,0.04207561398617364,0.04707215921301863,0.05615355926971588,0.04185107222030799,0.22882299617439614,0.0,0.5060879869829377,204,Green Lantern Coaster
183,0.02751517132149561,0.021844216762407193,0.07314739702942256,0.0,0.04191744565204143,0.09527797292708415,0.015254866411626409,0.22466257806213438,0.49961964816621174,205,Spatiale Experience
224,0.05462186504232282,0.05825124469975253,0.06866390508385022,0.0,0.05646991735010866,0.029384795388726886,0.07627433205813205,0.14977505204142294,0.4934411116643161,206,Piraten
226,0.05634888430985474,0.0,0.07455285185054647,0.0,0.049826397661860575,0.13534814845716625,0.027458759540927535,0.14977505204142294,0.4933100938617785,207,Big Thunder Mountain Railroad
26,0.042307466786877766,0.049560534805031385,0.06727059242100815,0.023536079606509316,0.04191744565204143,0.09082573120151946,0.027458759540927535,0.14977505204142294,0.492651662055338,208,Nessie Superrollercoaster
31,0.05214396783238571,0.028186086145041544,0.03231331872756789,0.04707215921301863,0.05615355926971588,0.04185107222030799,0.22882299617439614,0.0,0.48654315958243377,209,Crazy Bird
223,0.05462186504232282,0.05825124469975253,0.06866390508385022,0.0,0.05646991735010866,0.02849434704361395,0.06834180152408634,0.14977505204142294,0.4846181327851574,210,Kawazemi
3,0.020306743074405838,0.03993028870547552,0.012749266195940358,0.023536079606509316,0.12100696575023283,0.03383703711429156,0.07627433205813205,0.14977505204142294,0.47741576454641044,211,Sidewinder
175,0.014299719535164353,0.032883767169215136,0.07057629501324127,0.0,0.06089893047560737,0.11932007824513341,0.027458759540927535,0.14977505204142294,0.47521260202071197,212,Cedar Creek Mine Ride
181,0.0250372741115585,0.08009546146215973,0.05820950680317912,0.0,0.0,0.018699415247371655,0.13729379770463768,0.14977505204142294,0.4691105073703296,213,Desert Race
205,0.04583659311618214,0.0516744912659095,0.07239761875551846,0.0,0.04191744565204143,0.07835945436993835,0.027458759540927535,0.14977505204142294,0.4674194147419403,214,Screamer
17,0.03457342398010436,0.028186086145041544,0.06632653961459448,0.04707215921301863,0.031635808039276556,0.07835945436993835,0.015254866411626409,0.14977505204142294,0.45118338981502326,215,Star Mountain
187,0.03247096574136984,0.029125622349876264,0.0462555519746998,0.0,0.0,0.008904483451129359,0.22882299617439614,0.10484253642899607,0.45042215612046743,216,Force One
18,0.03735167236700355,0.029125622349876264,0.052232529388939464,0.07060823881952795,0.04191744565204143,0.04185107222030799,0.027458759540927535,0.14977505204142294,0.4503203923800471,217,Comet
9,0.02631376661364732,0.021844216762407193,0.028330690811121752,0.04707215921301863,0.12100696575023283,0.02849434704361395,0.027458759540927535,0.14977505204142294,0.45029595777639214,218,Super Tornado
196,0.036826057807319915,0.0540233317779963,0.06486948062077273,0.0,0.04191744565204143,0.07479766098948662,0.027458759540927535,0.14977505204142294,0.4496677884299674,219,Bat
193,0.03532430192250954,0.028186086145041544,0.07846869789644244,0.0,0.04191744565204143,0.0819212477503901,0.027458759540927535,0.14977505204142294,0.44305159094877555,220,Iron Dragon
24,0.042082203404156214,0.0516744912659095,0.05266661154751553,0.07060823881952795,0.003163580803927656,0.05520779739700203,0.015254866411626409,0.14977505204142294,0.44043284169108826,221,Corkscrew
191,0.03457342398010436,0.06341869382634348,0.06936207918505648,0.0,0.029263122436330814,0.07835945436993835,0.015254866411626409,0.14977505204142294,0.4400066922508229,222,Titan Cascabel
184,0.03081903426807843,0.032883767169215136,0.08757531660782841,0.0,0.029263122436330814,0.0819212477503901,0.027458759540927535,0.14977505204142294,0.43969629981419334,223,Whizzer
7,0.02631376661364732,0.021844216762407193,0.028330690811121752,0.04707215921301863,0.12100696575023283,0.04185107222030799,0.13729379770463768,0.0,0.42371266907537336,224,Bocaraca
1,0.010244978646176352,0.0516744912659095,0.06477841443365887,0.09414431842603727,0.06089893047560737,0.04630331394587267,0.015254866411626409,0.07488752602071147,0.41818683962559994,225,Nemesis
189,0.03307166809529399,0.016441883584607568,0.06632653961459448,0.0,0.031635808039276556,0.10329200803310057,0.015254866411626409,0.14977505204142294,0.41579782581992253,226,Road Runner Express
188,0.03247096574136984,0.029125622349876264,0.14286159880465266,0.0,0.009728010972077539,0.18521325578349068,0.015254866411626409,0.0,0.41465432006309344,227,Big Thunder Mountain
16,0.03457342398010436,0.028186086145041544,0.040979784201236866,0.07060823881952795,0.029263122436330814,0.02849434704361395,0.003050973282325282,0.14977505204142294,0.3849310279496037,228,Wild Thing
170,0.007091291288074572,0.0021139564608781123,0.11039346755899118,0.0,0.06089893047560737,0.18877504916394242,0.015254866411626409,0.0,0.3845275613591201,229,Temple of the Night Hawk
169,0.000783916571871014,0.03523260768130193,0.07846869789644244,0.0,0.021354170426511672,0.0819212477503901,0.015254866411626409,0.14977505204142294,0.38279055877956647,230,Manta
203,0.042307466786877766,0.007281405587469069,0.120951074185058,0.0,0.04191744565204143,0.1308959067316016,0.015254866411626409,0.0,0.3586081653546743,231,Colorado Adventure
178,0.021132708811051545,0.03053492665712834,0.03981413700617946,0.0,0.020167827625038805,0.07390721264437368,0.015254866411626409,0.14977505204142294,0.35058673119682116,232,Winjas
171,0.011596558942505684,0.028186086145041544,0.05133097413651225,0.0,0.003163580803927656,0.0819212477503901,0.015254866411626409,0.14977505204142294,0.3412283662314266,233,Revenge of the Mummy the Ride
180,0.02331025484402658,0.06341869382634348,0.07846869789644244,0.0,0.06089893047560737,0.05520779739700203,0.027458759540927535,0.0,0.30876313398034944,234,Ninja
179,0.021357972193773094,0.014562811174938139,0.0464558975863503,0.0,0.003163580803927656,0.04630331394587267,0.003050973282325282,0.14977505204142294,0.2846696010286101,235,HeiBe Fahrt
176,0.01805410924719028,0.007046521536260386,0.03448372952044821,0.0,0.0,0.07390721264437368,0.003050973282325282,0.0,0.13654254623059786,236,Pandemonium
174,0.014299719535164353,0.007046521536260386,0.03448372952044821,0.0,0.0,0.07390721264437368,0.003050973282325282,0.0,0.1327881565185719,237,Pandemonium
172,0.012197261296429835,0.028186086145041544,0.052970165504561725,0.0,0.0033217598441240377,0.032056140424065696,0.003050973282325282,0.0,0.13178238649654814,238,Backlot Stunt Coaster
